20.02.2026 01:09:32,11.97
20.02.2026 01:28:41,12.01
20.02.2026 01:47:52,12
20.02.2026 02:07:04,12
20.02.2026 02:26:14,12
20.02.2026 02:45:25,11.96
20.02.2026 03:04:33,12
20.02.2026 03:23:41,12
20.02.2026 03:42:52,11.97
20.02.2026 04:02:02,12
20.02.2026 04:21:13,11.97
20.02.2026 04:40:24,12
20.02.2026 04:59:35,11.98
20.02.2026 05:18:43,11.99
20.02.2026 05:37:51,11.99
20.02.2026 05:57:05,11.96
20.02.2026 06:16:18,11.97
20.02.2026 06:35:33,11.96
20.02.2026 06:54:46,11.99
20.02.2026 07:14:01,11.99
20.02.2026 07:33:15,11.99
20.02.2026 07:52:30,11.96
20.02.2026 08:11:44,11.99
20.02.2026 08:30:57,11.98
20.02.2026 08:50:04,11.95
20.02.2026 09:09:08,11.96
20.02.2026 09:28:10,11.99
20.02.2026 09:47:16,11.97
20.02.2026 10:06:18,12.01
20.02.2026 10:06:18,12.01
20.02.2026 10:25:27,12.01
20.02.2026 10:44:28,11.97
20.02.2026 11:03:30,12.01
20.02.2026 11:22:31,11.98
20.02.2026 11:41:30,11.99
20.02.2026 12:00:33,11.98
20.02.2026 12:19:35,12
20.02.2026 12:38:37,12.01
20.02.2026 12:57:34,12.01
20.02.2026 13:16:32,12.02
20.02.2026 13:35:31,12.01
20.02.2026 13:54:30,11.98
20.02.2026 14:13:28,12.01
20.02.2026 14:32:23,12.02
20.02.2026 14:51:18,12
20.02.2026 15:10:18,12.02
20.02.2026 15:29:19,12.02
20.02.2026 15:48:19,12.01
20.02.2026 16:07:16,12.01
20.02.2026 16:26:14,12.02
20.02.2026 16:45:15,12.02
20.02.2026 17:04:16,12.01
20.02.2026 17:23:17,12.01
20.02.2026 17:42:16,12.01
20.02.2026 18:01:15,12
20.02.2026 18:20:15,12.01
20.02.2026 18:39:17,12.01
20.02.2026 18:58:18,12.01
20.02.2026 19:17:19,11.98
20.02.2026 19:36:20,12
20.02.2026 19:55:22,12
20.02.2026 20:14:24,11.97
20.02.2026 20:33:24,11.98
20.02.2026 20:52:25,11.97
20.02.2026 21:11:26,11.97
20.02.2026 21:30:27,12
20.02.2026 21:49:24,12
20.02.2026 22:08:22,12
20.02.2026 22:27:23,12
20.02.2026 22:46:20,11.96
20.02.2026 23:05:21,12
20.02.2026 23:24:19,11.96
20.02.2026 23:43:16,11.96
21.02.2026 00:02:14,11.96
21.02.2026 00:21:14,11.96
21.02.2026 00:40:15,11.97
21.02.2026 00:59:14,12
21.02.2026 01:18:13,11.96
21.02.2026 01:37:19,11.99
21.02.2026 01:56:18,12
21.02.2026 02:15:17,11.96
21.02.2026 02:34:15,12
21.02.2026 02:53:14,11.96
21.02.2026 03:12:15,11.96
21.02.2026 03:31:13,12
21.02.2026 03:50:12,11.96
21.02.2026 04:09:13,11.96
21.02.2026 04:28:12,11.97
21.02.2026 04:47:10,11.99
21.02.2026 05:06:12,11.99
21.02.2026 05:25:12,11.96
21.02.2026 05:44:13,11.96
21.02.2026 05:44:13,11.96
21.02.2026 06:03:22,11.99
21.02.2026 06:22:23,11.98
21.02.2026 06:41:21,11.95
21.02.2026 07:00:20,11.98
21.02.2026 07:19:18,11.96
21.02.2026 07:38:16,11.99
21.02.2026 07:57:15,11.98
21.02.2026 08:16:12,11.95
21.02.2026 08:35:12,11.95
21.02.2026 08:54:09,11.96
21.02.2026 09:13:08,11.99
21.02.2026 09:32:06,11.98
21.02.2026 09:50:59,11.95
21.02.2026 10:09:57,11.98
21.02.2026 10:28:56,11.95
21.02.2026 10:28:56,11.95
21.02.2026 10:48:21,11.99
21.02.2026 11:07:18,11.99
21.02.2026 11:26:18,11.99
21.02.2026 11:45:16,11.98
21.02.2026 12:04:12,11.98
21.02.2026 12:23:10,11.98
21.02.2026 12:42:03,11.99
21.02.2026 13:01:06,11.98
21.02.2026 13:20:04,11.96
21.02.2026 13:38:57,11.96
21.02.2026 13:57:53,11.99
21.02.2026 14:16:50,11.95
21.02.2026 14:35:49,11.95
21.02.2026 14:54:44,11.95
21.02.2026 15:13:42,11.99
21.02.2026 15:32:40,11.95
21.02.2026 15:51:38,11.96
21.02.2026 16:10:33,11.98
21.02.2026 16:29:30,11.95
21.02.2026 16:48:27,11.98
21.02.2026 17:07:22,11.95
21.02.2026 17:26:20,11.98
21.02.2026 17:45:17,11.98
21.02.2026 18:04:14,11.98
21.02.2026 18:23:10,11.95
21.02.2026 18:42:06,11.95
21.02.2026 19:01:04,11.98
21.02.2026 19:20:02,11.98
21.02.2026 19:39:01,11.98
21.02.2026 19:57:58,11.94
21.02.2026 20:16:55,11.98
21.02.2026 20:35:52,11.98
21.02.2026 20:54:50,11.98
21.02.2026 21:13:47,11.95
21.02.2026 21:32:45,11.94
21.02.2026 21:51:39,11.94
21.02.2026 22:10:37,11.94
21.02.2026 22:29:36,11.96
21.02.2026 22:48:34,11.98
21.02.2026 23:07:30,11.97
21.02.2026 23:26:28,11.96
21.02.2026 23:45:27,11.97
22.02.2026 00:04:24,11.96
22.02.2026 00:23:23,11.93
22.02.2026 00:42:47,11.94
22.02.2026 01:01:44,11.97
22.02.2026 01:20:43,11.93
22.02.2026 01:39:39,11.94
22.02.2026 01:58:35,11.96
22.02.2026 02:17:32,11.93
22.02.2026 02:36:30,11.94
22.02.2026 02:55:29,11.94
22.02.2026 03:14:27,11.93
22.02.2026 03:33:26,11.93
22.02.2026 03:52:25,11.96
22.02.2026 04:11:21,11.96
22.02.2026 04:30:19,11.95
22.02.2026 04:49:19,11.96
22.02.2026 05:08:14,11.95
22.02.2026 05:27:11,11.96
22.02.2026 05:46:10,11.94
22.02.2026 06:05:17,11.93
22.02.2026 06:24:15,11.96
22.02.2026 06:43:21,11.93
22.02.2026 07:02:19,11.96
22.02.2026 07:21:17,11.93
22.02.2026 07:40:13,11.96
22.02.2026 07:59:10,11.96
22.02.2026 08:18:06,11.96
22.02.2026 08:37:04,11.94
22.02.2026 08:55:59,11.96
22.02.2026 09:14:54,11.96
22.02.2026 09:33:51,11.93
22.02.2026 09:52:44,11.96
22.02.2026 10:11:39,11.96
22.02.2026 10:30:37,11.92
22.02.2026 10:49:35,11.96
22.02.2026 11:08:32,11.92
22.02.2026 11:27:27,11.96
22.02.2026 11:46:21,11.96
22.02.2026 12:05:15,11.96
22.02.2026 12:24:09,11.93
22.02.2026 12:43:06,11.94
22.02.2026 13:02:14,11.92
22.02.2026 13:21:11,11.92
22.02.2026 13:40:06,11.93
22.02.2026 13:59:00,11.96
22.02.2026 14:17:59,11.95
22.02.2026 14:36:55,11.96
22.02.2026 14:55:50,11.96
22.02.2026 15:14:42,11.92
22.02.2026 15:33:38,11.96
22.02.2026 15:52:42,11.96
22.02.2026 16:11:39,11.92
22.02.2026 16:30:32,11.96
22.02.2026 16:49:26,11.96
22.02.2026 17:08:20,11.95
22.02.2026 17:27:13,11.92
22.02.2026 17:46:10,11.92
22.02.2026 18:05:06,11.96
22.02.2026 18:24:03,11.96
22.02.2026 18:43:00,11.95
22.02.2026 19:01:56,11.95
22.02.2026 19:20:53,11.94
22.02.2026 19:39:46,11.95
22.02.2026 19:59:11,11.95
22.02.2026 20:18:05,11.95
22.02.2026 20:36:59,11.95
22.02.2026 20:55:55,11.95
22.02.2026 21:14:51,11.91
22.02.2026 21:33:45,11.92
22.02.2026 21:52:41,11.95
22.02.2026 22:11:38,11.92
22.02.2026 22:30:31,11.95
22.02.2026 22:49:29,11.94
22.02.2026 23:08:23,11.95
22.02.2026 23:27:20,11.95
22.02.2026 23:46:14,11.91
23.02.2026 00:05:11,11.93
23.02.2026 00:24:06,11.91
23.02.2026 00:43:02,11.92
23.02.2026 01:01:59,11.91
23.02.2026 01:20:56,11.94
23.02.2026 01:39:50,11.91
23.02.2026 01:58:42,11.92
23.02.2026 02:17:39,11.94
23.02.2026 02:36:35,11.91
23.02.2026 02:55:29,11.94
23.02.2026 03:14:26,11.94
23.02.2026 03:33:22,11.94
23.02.2026 03:52:19,11.92
23.02.2026 04:11:14,11.91
23.02.2026 04:30:10,11.94
23.02.2026 04:49:05,11.94
23.02.2026 05:08:01,11.94
23.02.2026 05:26:57,11.93
23.02.2026 05:45:54,11.94
23.02.2026 06:04:47,11.93
23.02.2026 06:23:41,11.91
23.02.2026 06:42:37,11.94
23.02.2026 07:01:29,11.94
23.02.2026 07:20:22,11.94
23.02.2026 07:39:19,11.93
23.02.2026 07:58:13,11.94
23.02.2026 08:17:08,11.93
23.02.2026 08:36:05,11.94
23.02.2026 08:54:57,11.94
23.02.2026 09:13:47,11.94
23.02.2026 09:32:43,11.9
23.02.2026 09:51:40,11.9
23.02.2026 10:10:34,11.93
23.02.2026 10:29:31,11.93
23.02.2026 10:48:21,11.93
23.02.2026 11:07:17,11.9
23.02.2026 11:26:14,11.93
23.02.2026 11:45:10,11.93
23.02.2026 12:04:01,11.93
23.02.2026 12:22:54,11.93
23.02.2026 12:41:50,11.93
23.02.2026 13:00:43,11.9
23.02.2026 13:19:39,11.92
23.02.2026 13:38:32,11.9
23.02.2026 13:57:25,11.93
23.02.2026 14:16:18,11.9
23.02.2026 14:35:10,11.93
23.02.2026 14:54:05,11.9
23.02.2026 15:13:01,11.93
23.02.2026 15:31:57,11.9
23.02.2026 15:50:53,11.9
23.02.2026 16:09:49,11.93
23.02.2026 16:28:42,11.89
23.02.2026 16:47:36,11.93
23.02.2026 17:06:31,11.9
23.02.2026 17:25:29,11.93
23.02.2026 17:44:30,11.89
23.02.2026 18:03:30,11.89
23.02.2026 18:22:34,11.89
23.02.2026 18:41:38,11.92
23.02.2026 18:41:38,11.92
23.02.2026 19:00:48,11.89
23.02.2026 19:19:49,11.92
23.02.2026 19:38:53,11.92
23.02.2026 19:57:57,11.88
23.02.2026 20:17:02,11.92
23.02.2026 20:36:08,11.91
23.02.2026 20:55:15,11.88
23.02.2026 21:14:19,11.9
23.02.2026 21:33:27,11.9
23.02.2026 21:52:30,11.87
23.02.2026 22:11:34,11.9
23.02.2026 22:31:09,11.87
23.02.2026 22:50:27,11.87
23.02.2026 23:09:35,11.87
23.02.2026 23:28:43,11.9
23.02.2026 23:47:51,11.86
24.02.2026 00:06:59,11.9
24.02.2026 00:26:06,11.86
24.02.2026 00:45:12,11.9
24.02.2026 01:04:22,11.9
24.02.2026 01:23:40,11.89
24.02.2026 01:42:42,11.89
24.02.2026 02:01:46,11.89
24.02.2026 02:20:51,11.9
24.02.2026 02:39:50,11.89
24.02.2026 02:58:53,11.89
24.02.2026 03:18:01,11.89
24.02.2026 03:37:03,11.87
24.02.2026 03:56:08,11.89
24.02.2026 04:15:11,11.86
24.02.2026 04:34:15,11.9
24.02.2026 04:53:20,11.89
24.02.2026 05:12:22,11.86
24.02.2026 05:31:26,11.9
24.02.2026 05:50:31,11.86
24.02.2026 06:09:34,11.89
24.02.2026 06:28:36,11.89
24.02.2026 06:47:41,11.86
24.02.2026 07:06:47,11.89
24.02.2026 07:25:52,11.89
24.02.2026 07:44:55,11.89
24.02.2026 08:03:57,11.87
24.02.2026 08:23:04,11.88
24.02.2026 08:42:13,11.89
24.02.2026 09:01:31,11.85
24.02.2026 09:20:36,11.85
24.02.2026 09:39:37,11.89
24.02.2026 09:58:35,11.89
24.02.2026 10:17:43,11.86
24.02.2026 10:36:38,11.86
