date,temp_sensor_1,humidity,pressure,temp_sensor_2,temp_sensor_water,dev_id,lon,lat,version,install_date,,,
24.11.2025 23:41:23,19.3,40.5,984.6,20.3,36.6,7001,56.065226,36.234294,1.0.0,01.12.2025,,,
24.11.2025 23:42:04,19.4,40.4,984.7,20.3,36.6,7001,56.065226,36.234294,1.0.0,01.12.2025,,,
24.11.2025 23:44:09,19.7,40.1,984.7,20.5,36.6,7001,56.065226,36.234294,1.0.0,01.12.2025,,,
24.11.2025 23:46:08,19.8,40.2,984.8,20.8,36.6,7001,56.065226,36.234294,1.0.0,01.12.2025,,,
24.11.2025 23:48:59,20,39.7,984.9,21,36.6,7001,56.065226,36.234294,1.0.0,01.12.2025,,,
24.11.2025 23:51:50,20.3,39.1,984.8,21,36.6,7001,56.065226,36.234294,1.0.0,01.12.2025,,,
24.11.2025 23:54:42,20.6,38.5,984.9,21.2,36.6,7001,56.065226,36.234294,1.0.0,01.12.2025,,,
24.11.2025 23:57:33,21,40.1,985.2,22,36.6,7001,56.065226,36.234294,1.0.0,01.12.2025,,,
25.11.2025 00:00:25,21.6,41.8,985.1,22.2,36.6,7001,56.065226,36.234294,1.0.0,01.12.2025,,,
25.11.2025 00:03:16,21.9,42.4,985.2,23,36.6,7001,56.065226,36.234294,1.0.0,01.12.2025,,,
25.11.2025 00:06:07,22.1,40.7,985.1,23,36.6,7001,56.065226,36.234294,1.0.0,01.12.2025,,,
25.11.2025 00:08:59,22,37.9,985.1,23,36.6,7001,56.065226,36.234294,1.0.0,01.12.2025,,,
25.11.2025 00:11:50,21.9,36.3,985.1,22.5,36.6,7001,56.065226,36.234294,1.0.0,01.12.2025,,,
25.11.2025 00:14:42,21.8,35.3,985.1,22.2,36.6,7001,56.065226,36.234294,1.0.0,01.12.2025,,,
25.11.2025 00:17:33,21.6,34.9,985.1,21.8,36.6,7001,56.065226,36.234294,1.0.0,01.12.2025,,,
25.11.2025 00:23:16,21.1,34.3,985.2,21.2,36.6,7001,56.065226,36.234294,1.0.0,01.12.2025,,,
25.11.2025 00:26:07,20.8,34.1,985.3,20.8,36.6,7001,56.065226,36.234294,1.0.0,01.12.2025,,,
25.11.2025 00:28:59,20.5,34.2,985.3,20.8,36.6,7001,56.065226,36.234294,1.0.0,01.12.2025,,,
25.11.2025 00:31:50,20.3,34.2,985.4,20.3,36.6,7001,56.065226,36.234294,1.0.0,01.12.2025,,,
25.11.2025 00:34:42,20,34.4,985.4,19.8,36.6,7001,56.065226,36.234294,1.0.0,01.12.2025,,,
25.11.2025 00:37:33,19.8,34.5,985.5,19.8,36.6,7001,56.065226,36.234294,1.0.0,01.12.2025,,,
25.11.2025 00:40:24,19.5,34.7,985.6,19.5,36.6,7001,56.065226,36.234294,1.0.0,01.12.2025,,,
25.11.2025 00:43:16,19.3,34.8,985.7,19.3,36.6,7001,56.065226,36.234294,1.0.0,01.12.2025,,,
25.11.2025 00:46:07,19.1,35,985.7,19,36.6,7001,56.065226,36.234294,1.0.0,01.12.2025,,,
25.11.2025 00:48:59,18.9,35.2,985.8,18.8,36.6,7001,56.065226,36.234294,1.0.0,01.12.2025,,,
25.11.2025 00:51:50,18.7,35.4,985.8,18.5,36.6,7001,56.065226,36.234294,1.0.0,01.12.2025,,,
25.11.2025 00:54:41,18.5,35.5,985.9,18.5,36.6,7001,56.065226,36.234294,1.0.0,01.12.2025,,,
25.11.2025 00:57:33,18.3,35.7,985.9,18.3,36.6,7001,56.065226,36.234294,1.0.0,01.12.2025,,,
25.11.2025 01:00:24,18.1,36,985.9,18,36.6,7001,56.065226,36.234294,1.0.0,01.12.2025,,,
25.11.2025 01:03:15,17.9,36.1,986.1,17.8,36.6,7001,56.065226,36.234294,1.0.0,01.12.2025,,,
25.11.2025 01:06:07,17.7,36.2,986,17.5,36.6,7001,56.065226,36.234294,1.0.0,01.12.2025,,,
25.11.2025 01:08:58,17.6,36.4,986.1,17.5,36.6,7001,56.065226,36.234294,1.0.0,01.12.2025,,,
25.11.2025 01:11:50,17.4,36.6,986.1,17.2,36.6,7001,56.065226,36.234294,1.0.0,01.12.2025,,,
25.11.2025 01:14:41,17.2,36.8,986.1,17,36.6,7001,56.065226,36.234294,1.0.0,01.12.2025,,,
25.11.2025 01:17:32,17.1,37,986.1,17,36.6,7001,56.065226,36.234294,1.0.0,01.12.2025,,,
25.11.2025 01:20:24,17,37.1,986.2,16.8,36.6,7001,56.065226,36.234294,1.0.0,01.12.2025,,,
25.11.2025 01:23:15,16.8,37.3,986.3,16.5,36.6,7001,56.065226,36.234294,1.0.0,01.12.2025,,,
25.11.2025 01:26:06,16.7,37.4,986.3,16.5,36.6,7001,56.065226,36.234294,1.0.0,01.12.2025,,,
25.11.2025 01:28:58,16.6,37.5,986.3,16.5,36.6,7001,56.065226,36.234294,1.0.0,01.12.2025,,,
25.11.2025 01:31:49,16.4,37.6,986.3,16.3,36.6,7001,56.065226,36.234294,1.0.0,01.12.2025,,,
25.11.2025 01:34:41,16.3,37.7,986.4,16,36.6,7001,56.065226,36.234294,1.0.0,01.12.2025,,,
25.11.2025 01:37:32,16.2,37.7,986.4,16,36.6,7001,56.065226,36.234294,1.0.0,01.12.2025,,,
25.11.2025 01:40:23,16.1,37.8,986.4,15.8,36.6,7001,56.065226,36.234294,1.0.0,01.12.2025,,,
25.11.2025 01:43:15,16,37.9,986.5,15.8,36.6,7001,56.065226,36.234294,1.0.0,01.12.2025,,,
25.11.2025 01:46:06,15.9,37.9,986.6,15.8,36.6,7001,56.065226,36.234294,1.0.0,01.12.2025,,,
25.11.2025 01:48:57,15.8,37.9,986.7,15.5,36.6,7001,56.065226,36.234294,1.0.0,01.12.2025,,,
25.11.2025 01:51:49,15.7,38,986.6,15.5,36.6,7001,56.065226,36.234294,1.0.0,01.12.2025,,,
25.11.2025 01:54:40,15.6,38,986.7,15.3,36.6,7001,56.065226,36.234294,1.0.0,01.12.2025,,,
25.11.2025 01:57:31,15.5,38,986.7,15.3,36.6,7001,56.065226,36.234294,1.0.0,01.12.2025,,,
25.11.2025 02:00:23,15.4,38.1,986.7,15.3,36.6,7001,56.065226,36.234294,1.0.0,01.12.2025,,,
25.11.2025 02:03:14,15.3,38.1,986.8,15.3,36.6,7001,56.065226,36.234294,1.0.0,01.12.2025,,,
25.11.2025 02:06:05,15.2,38.2,986.8,15,36.6,7001,56.065226,36.234294,1.0.0,01.12.2025,,,
25.11.2025 02:08:57,15.1,38.2,986.9,14.7,36.6,7001,56.065226,36.234294,1.0.0,01.12.2025,,,
25.11.2025 02:11:48,15,38.3,986.9,14.7,36.6,7001,56.065226,36.234294,1.0.0,01.12.2025,,,
25.11.2025 02:14:40,14.9,38.3,986.9,14.7,36.6,7001,56.065226,36.234294,1.0.0,01.12.2025,,,
25.11.2025 02:17:31,14.9,38.4,987,14.5,36.6,7001,56.065226,36.234294,1.0.0,01.12.2025,,,
25.11.2025 02:20:22,14.8,38.5,987,14.7,36.6,7001,56.065226,36.234294,1.0.0,01.12.2025,,,
25.11.2025 02:23:14,14.7,38.5,987.1,14.5,36.6,7001,56.065226,36.234294,1.0.0,01.12.2025,,,
25.11.2025 02:26:05,14.6,38.5,987.1,14.5,36.6,7001,56.065226,36.234294,1.0.0,01.12.2025,,,
25.11.2025 02:28:56,14.6,38.7,987.1,14.3,36.6,7001,56.065226,36.234294,1.0.0,01.12.2025,,,
25.11.2025 02:31:48,14.5,38.7,987.1,14.3,36.6,7001,56.065226,36.234294,1.0.0,01.12.2025,,,
25.11.2025 02:34:39,14.4,38.8,987.2,14,36.6,7001,56.065226,36.234294,1.0.0,01.12.2025,,,
25.11.2025 02:37:30,14.4,38.9,987.2,14,36.6,7001,56.065226,36.234294,1.0.0,01.12.2025,,,
25.11.2025 02:40:22,14.3,39,987.2,14,36.6,7001,56.065226,36.234294,1.0.0,01.12.2025,,,
25.11.2025 02:43:13,14.2,39.1,987.3,14,36.6,7001,56.065226,36.234294,1.0.0,01.12.2025,,,
25.11.2025 02:46:04,14.2,39.2,987.4,14,36.6,7001,56.065226,36.234294,1.0.0,01.12.2025,,,
25.11.2025 02:48:56,14.1,39.3,987.3,13.8,36.6,7001,56.065226,36.234294,1.0.0,01.12.2025,,,
25.11.2025 02:51:47,14,39.4,987.4,13.8,36.6,7001,56.065226,36.234294,1.0.0,01.12.2025,,,
25.11.2025 02:54:38,14,39.5,987.4,13.8,36.6,7001,56.065226,36.234294,1.0.0,01.12.2025,,,
25.11.2025 02:57:30,13.9,39.6,987.4,13.8,36.6,7001,56.065226,36.234294,1.0.0,01.12.2025,,,
25.11.2025 03:00:21,13.9,39.6,987.5,13.8,36.6,7001,56.065226,36.234294,1.0.0,01.12.2025,,,
25.11.2025 03:03:13,13.8,39.7,987.5,13.8,36.6,7001,56.065226,36.234294,1.0.0,01.12.2025,,,
25.11.2025 03:06:04,13.8,39.8,987.5,13.5,36.6,7001,56.065226,36.234294,1.0.0,01.12.2025,,,
25.11.2025 03:08:55,13.7,39.9,987.5,13.5,36.6,7001,56.065226,36.234294,1.0.0,01.12.2025,,,
25.11.2025 03:11:47,13.6,40,987.6,13.5,36.6,7001,56.065226,36.234294,1.0.0,01.12.2025,,,
25.11.2025 03:14:38,13.6,40.2,987.6,13.5,36.6,7001,56.065226,36.234294,1.0.0,01.12.2025,,,
25.11.2025 03:17:29,13.6,40.3,987.7,13.5,36.6,7001,56.065226,36.234294,1.0.0,01.12.2025,,,
25.11.2025 03:20:21,13.5,40.4,987.7,13.3,36.6,7001,56.065226,36.234294,1.0.0,01.12.2025,,,
25.11.2025 03:23:12,13.5,40.5,987.8,13.3,36.6,7001,56.065226,36.234294,1.0.0,01.12.2025,,,
25.11.2025 03:26:03,13.4,40.7,987.9,13.3,36.6,7001,56.065226,36.234294,1.0.0,01.12.2025,,,
25.11.2025 03:28:55,13.4,40.8,987.9,13.3,36.6,7001,56.065226,36.234294,1.0.0,01.12.2025,,,
25.11.2025 03:31:46,13.3,40.9,988,13.3,36.6,7001,56.065226,36.234294,1.0.0,01.12.2025,,,
25.11.2025 03:34:37,13.3,41,988,13,36.6,7001,56.065226,36.234294,1.0.0,01.12.2025,,,
25.11.2025 03:37:29,13.3,41.1,988.1,13,36.6,7001,56.065226,36.234294,1.0.0,01.12.2025,,,
25.11.2025 03:40:20,13.2,41.2,988.1,13,36.6,7001,56.065226,36.234294,1.0.0,01.12.2025,,,
25.11.2025 03:43:11,13.2,41.3,988.1,13,36.6,7001,56.065226,36.234294,1.0.0,01.12.2025,,,
25.11.2025 03:46:03,13.1,41.4,988.2,13,36.6,7001,56.065226,36.234294,1.0.0,01.12.2025,,,
25.11.2025 03:48:54,13.1,41.5,988.1,12.8,36.6,7001,56.065226,36.234294,1.0.0,01.12.2025,,,
25.11.2025 03:51:45,13,41.6,988.2,12.8,36.6,7001,56.065226,36.234294,1.0.0,01.12.2025,,,
25.11.2025 03:54:37,13,41.8,988.2,12.8,36.6,7001,56.065226,36.234294,1.0.0,01.12.2025,,,
25.11.2025 03:57:28,12.9,41.9,988.3,12.8,36.6,7001,56.065226,36.234294,1.0.0,01.12.2025,,,
25.11.2025 04:00:19,12.9,42,988.2,12.5,36.6,7001,56.065226,36.234294,1.0.0,01.12.2025,,,
25.11.2025 04:03:11,12.9,42.1,988.3,12.8,36.6,7001,56.065226,36.234294,1.0.0,01.12.2025,,,
25.11.2025 04:06:02,12.8,42.1,988.3,12.5,36.6,7001,56.065226,36.234294,1.0.0,01.12.2025,,,
25.11.2025 04:08:53,12.8,42.2,988.3,12.5,36.6,7001,56.065226,36.234294,1.0.0,01.12.2025,,,
25.11.2025 04:11:45,12.7,42.3,988.3,12.8,36.6,7001,56.065226,36.234294,1.0.0,01.12.2025,,,
25.11.2025 04:14:36,12.7,42.3,988.4,12.5,36.6,7001,56.065226,36.234294,1.0.0,01.12.2025,,,
25.11.2025 04:17:27,12.6,42.4,988.4,12.5,36.6,7001,56.065226,36.234294,1.0.0,01.12.2025,,,
25.11.2025 04:20:19,12.6,42.4,988.4,12.5,36.6,7001,56.065226,36.234294,1.0.0,01.12.2025,,,
25.11.2025 04:23:10,12.6,42.4,988.3,12.5,36.6,7001,56.065226,36.234294,1.0.0,01.12.2025,,,
25.11.2025 04:26:01,12.6,42.5,988.4,12.5,36.6,7001,56.065226,36.234294,1.0.0,01.12.2025,,,
25.11.2025 04:28:53,12.5,42.6,988.5,12.2,36.6,7001,56.065226,36.234294,1.0.0,01.12.2025,,,
25.11.2025 04:31:44,12.5,42.6,988.5,12.2,36.6,7001,56.065226,36.234294,1.0.0,01.12.2025,,,
25.11.2025 04:34:35,12.4,42.6,988.5,12.2,36.6,7001,56.065226,36.234294,1.0.0,01.12.2025,,,
25.11.2025 04:37:27,12.4,42.6,988.4,12.2,36.6,7001,56.065226,36.234294,1.0.0,01.12.2025,,,
25.11.2025 04:40:18,12.4,42.6,988.5,12.2,36.6,7001,56.065226,36.234294,1.0.0,01.12.2025,,,
25.11.2025 04:43:09,12.4,42.6,988.5,12.2,36.6,7001,56.065226,36.234294,1.0.0,01.12.2025,,,
25.11.2025 04:46:01,12.3,42.6,988.6,12,36.6,7001,56.065226,36.234294,1.0.0,01.12.2025,,,
25.11.2025 04:48:52,12.3,42.6,988.6,12,36.6,7001,56.065226,36.234294,1.0.0,01.12.2025,,,
25.11.2025 04:51:43,12.2,42.6,988.6,12.2,36.6,7001,56.065226,36.234294,1.0.0,01.12.2025,,,
25.11.2025 04:54:35,12.2,42.6,988.7,12,36.6,7001,56.065226,36.234294,1.0.0,01.12.2025,,,
25.11.2025 04:57:26,12.2,42.5,988.9,12,36.6,7001,56.065226,36.234294,1.0.0,01.12.2025,,,
25.11.2025 05:00:17,12.2,42.6,988.9,12,36.6,7001,56.065226,36.234294,1.0.0,01.12.2025,,,
25.11.2025 05:03:09,12.1,42.5,988.9,12,36.6,7001,56.065226,36.234294,1.0.0,01.12.2025,,,
25.11.2025 05:06:00,12.1,42.6,989,12,36.6,7001,56.065226,36.234294,1.0.0,01.12.2025,,,
25.11.2025 05:08:51,12.1,42.6,989,12,36.6,7001,56.065226,36.234294,1.0.0,01.12.2025,,,
25.11.2025 05:11:43,12,42.6,989,12,36.6,7001,56.065226,36.234294,1.0.0,01.12.2025,,,
25.11.2025 05:14:34,12,42.6,989.1,12,36.6,7001,56.065226,36.234294,1.0.0,01.12.2025,,,
25.11.2025 05:17:25,12,42.6,989.1,11.8,36.6,7001,56.065226,36.234294,1.0.0,01.12.2025,,,
25.11.2025 05:20:16,12,42.7,989,11.8,36.6,7001,56.065226,36.234294,1.0.0,01.12.2025,,,
25.11.2025 05:23:08,11.9,42.7,989.1,11.8,36.6,7001,56.065226,36.234294,1.0.0,01.12.2025,,,
25.11.2025 05:25:59,11.9,42.7,989.1,11.8,36.6,7001,56.065226,36.234294,1.0.0,01.12.2025,,,
25.11.2025 05:28:50,11.9,42.7,989.2,11.8,36.6,7001,56.065226,36.234294,1.0.0,01.12.2025,,,
25.11.2025 05:31:42,11.9,42.8,989.2,11.5,36.6,7001,56.065226,36.234294,1.0.0,01.12.2025,,,
25.11.2025 05:34:33,11.8,42.8,989.3,11.5,36.6,7001,56.065226,36.234294,1.0.0,01.12.2025,,,
25.11.2025 05:37:24,11.8,42.8,989.2,11.8,36.6,7001,56.065226,36.234294,1.0.0,01.12.2025,,,
25.11.2025 05:40:16,11.8,42.9,989.2,11.5,36.6,7001,56.065226,36.234294,1.0.0,01.12.2025,,,
25.11.2025 05:43:07,11.8,42.9,989.2,11.5,36.6,7001,56.065226,36.234294,1.0.0,01.12.2025,,,
25.11.2025 05:45:58,11.7,42.9,989.3,11.5,36.6,7001,56.065226,36.234294,1.0.0,01.12.2025,,,
25.11.2025 05:48:50,11.7,42.9,989.2,11.5,36.6,7001,56.065226,36.234294,1.0.0,01.12.2025,,,
25.11.2025 05:51:41,11.7,43,989.3,11.5,36.6,7001,56.065226,36.234294,1.0.0,01.12.2025,,,
25.11.2025 05:54:32,11.6,43,989.3,11.3,36.6,7001,56.065226,36.234294,1.0.0,01.12.2025,,,
25.11.2025 05:57:24,11.6,43.1,989.3,11.5,36.6,7001,56.065226,36.234294,1.0.0,01.12.2025,,,
25.11.2025 06:00:15,11.6,43.1,989.4,11.5,36.6,7001,56.065226,36.234294,1.0.0,01.12.2025,,,
25.11.2025 06:03:06,11.6,43.2,989.3,11.3,36.6,7001,56.065226,36.234294,1.0.0,01.12.2025,,,
25.11.2025 06:05:58,11.6,43.2,989.4,11.3,36.6,7001,56.065226,36.234294,1.0.0,01.12.2025,,,
25.11.2025 06:08:49,11.5,43.3,989.4,11.3,36.6,7001,56.065226,36.234294,1.0.0,01.12.2025,,,
25.11.2025 06:11:40,11.5,43.3,989.4,11.3,36.6,7001,56.065226,36.234294,1.0.0,01.12.2025,,,
25.11.2025 06:14:32,11.5,43.4,989.5,11.3,36.6,7001,56.065226,36.234294,1.0.0,01.12.2025,,,
25.11.2025 06:17:23,11.5,43.4,989.5,11.3,36.6,7001,56.065226,36.234294,1.0.0,01.12.2025,,,
25.11.2025 06:20:14,11.4,43.4,989.5,11.3,36.6,7001,56.065226,36.234294,1.0.0,01.12.2025,,,
25.11.2025 06:23:06,11.4,43.5,989.5,11.3,36.6,7001,56.065226,36.234294,1.0.0,01.12.2025,,,
25.11.2025 06:25:57,11.4,43.6,989.5,11.3,36.6,7001,56.065226,36.234294,1.0.0,01.12.2025,,,
25.11.2025 06:28:48,11.4,43.6,989.6,11.3,36.6,7001,56.065226,36.234294,1.0.0,01.12.2025,,,
25.11.2025 06:31:40,11.4,43.6,989.5,11.3,36.6,7001,56.065226,36.234294,1.0.0,01.12.2025,,,
25.11.2025 06:34:31,11.3,43.7,989.5,11,36.6,7001,56.065226,36.234294,1.0.0,01.12.2025,,,
25.11.2025 06:37:22,11.3,43.7,989.7,11,36.6,7001,56.065226,36.234294,1.0.0,01.12.2025,,,
25.11.2025 06:40:13,11.3,43.8,989.7,11,36.6,7001,56.065226,36.234294,1.0.0,01.12.2025,,,
25.11.2025 06:43:05,11.3,43.8,989.8,11,36.6,7001,56.065226,36.234294,1.0.0,01.12.2025,,,
25.11.2025 06:45:56,11.3,43.9,989.8,11,36.6,7001,56.065226,36.234294,1.0.0,01.12.2025,,,
25.11.2025 06:48:47,11.2,43.9,989.9,11,36.6,7001,56.065226,36.234294,1.0.0,01.12.2025,,,
25.11.2025 06:51:39,11.2,44,989.9,11,36.6,7001,56.065226,36.234294,1.0.0,01.12.2025,,,
25.11.2025 06:54:30,11.2,44,989.9,11,36.6,7001,56.065226,36.234294,1.0.0,01.12.2025,,,
25.11.2025 06:57:21,11.2,44.1,989.9,11,36.6,7001,56.065226,36.234294,1.0.0,01.12.2025,,,
25.11.2025 07:00:13,11.1,44.2,989.9,11,36.6,7001,56.065226,36.234294,1.0.0,01.12.2025,,,
25.11.2025 07:03:04,11.1,44.3,989.9,11,36.6,7001,56.065226,36.234294,1.0.0,01.12.2025,,,
25.11.2025 07:05:55,11.1,44.3,989.9,11,36.6,7001,56.065226,36.234294,1.0.0,01.12.2025,,,
25.11.2025 07:08:47,11.1,44.3,989.9,10.8,36.6,7001,56.065226,36.234294,1.0.0,01.12.2025,,,
25.11.2025 07:11:38,11.1,44.4,989.9,10.8,36.6,7001,56.065226,36.234294,1.0.0,01.12.2025,,,
25.11.2025 07:14:29,11.1,44.4,989.9,10.8,36.6,7001,56.065226,36.234294,1.0.0,01.12.2025,,,
25.11.2025 07:17:21,11,44.5,990,11,36.6,7001,56.065226,36.234294,1.0.0,01.12.2025,,,
25.11.2025 07:20:12,11,44.5,990,10.8,36.6,7001,56.065226,36.234294,1.0.0,01.12.2025,,,
25.11.2025 07:23:03,11,44.5,990.1,10.8,36.6,7001,56.065226,36.234294,1.0.0,01.12.2025,,,
25.11.2025 07:25:55,11,44.5,990.1,10.8,36.6,7001,56.065226,36.234294,1.0.0,01.12.2025,,,
25.11.2025 07:28:46,11,44.6,990.2,10.8,36.6,7001,56.065226,36.234294,1.0.0,01.12.2025,,,
25.11.2025 07:31:37,10.9,44.6,990.2,10.8,36.6,7001,56.065226,36.234294,1.0.0,01.12.2025,,,
25.11.2025 07:34:29,10.9,44.6,990.2,10.8,36.6,7001,56.065226,36.234294,1.0.0,01.12.2025,,,
25.11.2025 07:37:20,10.9,44.6,990.3,10.8,36.6,7001,56.065226,36.234294,1.0.0,01.12.2025,,,
25.11.2025 07:40:11,10.9,44.7,990.3,10.5,36.6,7001,56.065226,36.234294,1.0.0,01.12.2025,,,
25.11.2025 07:43:03,10.9,44.7,990.3,10.8,36.6,7001,56.065226,36.234294,1.0.0,01.12.2025,,,
25.11.2025 07:45:54,10.9,44.7,990.3,10.5,36.6,7001,56.065226,36.234294,1.0.0,01.12.2025,,,
25.11.2025 07:48:45,10.8,44.7,990.3,10.5,36.6,7001,56.065226,36.234294,1.0.0,01.12.2025,,,
25.11.2025 07:51:36,10.8,44.7,990.4,10.5,36.6,7001,56.065226,36.234294,1.0.0,01.12.2025,,,
25.11.2025 07:54:28,11.3,54,990.5,11.3,36.6,7001,56.065226,36.234294,1.0.0,01.12.2025,,,
25.11.2025 07:57:19,11.7,54.9,990.6,12,36.6,7001,56.065226,36.234294,1.0.0,01.12.2025,,,
25.11.2025 08:00:10,11.9,54.2,990.6,12.2,36.6,7001,56.065226,36.234294,1.0.0,01.12.2025,,,
25.11.2025 08:03:02,12.1,53.7,990.7,12.5,36.6,7001,56.065226,36.234294,1.0.0,01.12.2025,,,
25.11.2025 08:05:53,12.3,53.1,990.7,12.8,36.6,7001,56.065226,36.234294,1.0.0,01.12.2025,,,
25.11.2025 08:08:44,12.4,52.4,990.7,12.8,36.6,7001,56.065226,36.234294,1.0.0,01.12.2025,,,
25.11.2025 08:11:36,12.5,52.2,990.7,12.8,36.6,7001,56.065226,36.234294,1.0.0,01.12.2025,,,
25.11.2025 08:14:27,12.6,50,990.7,12.8,36.6,7001,56.065226,36.234294,1.0.0,01.12.2025,,,
25.11.2025 08:17:18,13,48.5,990.7,13.3,36.6,7001,56.065226,36.234294,1.0.0,01.12.2025,,,
25.11.2025 08:20:10,13.5,46.9,990.8,13.8,36.6,7001,56.065226,36.234294,1.0.0,01.12.2025,,,
25.11.2025 08:23:01,13.9,45.7,990.9,14.5,36.6,7001,56.065226,36.234294,1.0.0,01.12.2025,,,
25.11.2025 08:28:44,14.6,52.2,990.9,15.5,36.6,7001,56.065226,36.234294,1.0.0,01.12.2025,,,
25.11.2025 08:31:35,15,52,990.9,16,36.6,7001,56.065226,36.234294,1.0.0,01.12.2025,,,
25.11.2025 08:34:26,15.5,51.2,990.9,16.3,36.6,7001,56.065226,36.234294,1.0.0,01.12.2025,,,
25.11.2025 08:37:18,15.8,50,990.8,16.8,36.6,7001,56.065226,36.234294,1.0.0,01.12.2025,,,
25.11.2025 08:40:09,16.2,48.3,990.8,17.2,36.6,7001,56.065226,36.234294,1.0.0,01.12.2025,,,
25.11.2025 08:43:00,16.6,46.4,990.8,17.5,36.6,7001,56.065226,36.234294,1.0.0,01.12.2025,,,
25.11.2025 08:45:52,17.1,46.5,991,18,36.6,7001,56.065226,36.234294,1.0.0,01.12.2025,,,
25.11.2025 08:48:43,17,43.5,991,17.8,36.6,7001,56.065226,36.234294,1.0.0,01.12.2025,,,
25.11.2025 08:51:35,17.1,43.8,991,17.8,36.6,7001,56.065226,36.234294,1.0.0,01.12.2025,,,
25.11.2025 08:54:26,17.2,45.1,991,17.5,36.6,7001,56.065226,36.234294,1.0.0,01.12.2025,,,
25.11.2025 08:57:17,17.2,45.3,991.1,17.5,36.6,7001,56.065226,36.234294,1.0.0,01.12.2025,,,
25.11.2025 09:00:09,17.2,44.3,991.2,17.5,36.6,7001,56.065226,36.234294,1.0.0,01.12.2025,,,
25.11.2025 09:03:00,17.1,43.9,991.2,17.2,36.6,7001,56.065226,36.234294,1.0.0,01.12.2025,,,
25.11.2025 09:05:51,17,43.6,991.2,17,36.6,7001,56.065226,36.234294,1.0.0,01.12.2025,,,
25.11.2025 09:08:43,16.9,43.4,991.3,17,36.6,7001,56.065226,36.234294,1.0.0,01.12.2025,,,
25.11.2025 09:11:34,16.8,43.2,991.4,16.8,36.6,7001,56.065226,36.234294,1.0.0,01.12.2025,,,
25.11.2025 09:14:25,16.7,43.1,991.3,16.5,36.6,7001,56.065226,36.234294,1.0.0,01.12.2025,,,
25.11.2025 09:17:17,16.5,43.1,991.3,16.5,36.6,7001,56.065226,36.234294,1.0.0,01.12.2025,,,
25.11.2025 09:20:08,16.4,43,991.4,16.5,36.6,7001,56.065226,36.234294,1.0.0,01.12.2025,,,
25.11.2025 09:23:00,16.9,47.4,991.2,17.2,36.6,7001,56.065226,36.234294,1.0.0,01.12.2025,,,
25.11.2025 09:25:51,17.6,48.6,991.2,18,36.6,7001,56.065226,36.234294,1.0.0,01.12.2025,,,
25.11.2025 09:28:42,18.5,47.5,991.2,18.8,36.6,7001,56.065226,36.234294,1.0.0,01.12.2025,,,
25.11.2025 09:31:34,19.1,45.7,991.3,19.3,36.6,7001,56.065226,36.234294,1.0.0,01.12.2025,,,
25.11.2025 09:34:25,19.6,44.5,991.2,20,36.6,7001,56.065226,36.234294,1.0.0,01.12.2025,,,
25.11.2025 09:37:16,20.1,44.2,991.1,20.3,36.6,7001,56.065226,36.234294,1.0.0,01.12.2025,,,
25.11.2025 09:40:08,20.3,41.3,991.2,20.3,36.6,7001,56.065226,36.234294,1.0.0,01.12.2025,,,
25.11.2025 09:42:59,20.4,38.9,991.2,20.3,36.6,7001,56.065226,36.234294,1.0.0,01.12.2025,,,
25.11.2025 09:45:51,20.3,38.8,991.3,19.8,36.6,7001,56.065226,36.234294,1.0.0,01.12.2025,,,
25.11.2025 09:48:42,20.3,39.9,991.3,19.8,36.6,7001,56.065226,36.234294,1.0.0,01.12.2025,,,
25.11.2025 09:51:33,20.4,39.8,991.5,19.5,36.6,7001,56.065226,36.234294,1.0.0,01.12.2025,,,
25.11.2025 09:54:25,20.5,39.1,991.5,19.8,36.6,7001,56.065226,36.234294,1.0.0,01.12.2025,,,
25.11.2025 09:57:16,20.5,38.7,991.5,19.8,36.6,7001,56.065226,36.234294,1.0.0,01.12.2025,,,
25.11.2025 10:00:08,20.4,38.6,991.5,19.8,36.6,7001,56.065226,36.234294,1.0.0,01.12.2025,,,
25.11.2025 10:02:59,20.3,38.5,991.6,19.5,36.6,7001,56.065226,36.234294,1.0.0,01.12.2025,,,
25.11.2025 10:05:50,20.1,38.5,991.7,19.3,36.6,7001,56.065226,36.234294,1.0.0,01.12.2025,,,
25.11.2025 10:08:42,20,38.5,991.8,19.3,36.6,7001,56.065226,36.234294,1.0.0,01.12.2025,,,
25.11.2025 10:14:25,19.7,38.6,991.8,19,36.6,7001,56.065226,36.234294,1.0.0,01.12.2025,,,
25.11.2025 10:17:16,19.6,38.6,991.8,18.5,36.6,7001,56.065226,36.234294,1.0.0,01.12.2025,,,
25.11.2025 10:20:07,19.4,41.7,991.6,18.5,36.6,7001,56.065226,36.234294,1.0.0,01.12.2025,,,
25.11.2025 10:22:59,19.3,42.9,991.6,18.5,36.6,7001,56.065226,36.234294,1.0.0,01.12.2025,,,
25.11.2025 10:25:50,19.5,42.4,991.7,18.8,36.6,7001,56.065226,36.234294,1.0.0,01.12.2025,,,
25.11.2025 10:28:41,19.8,41.7,991.7,19.3,36.6,7001,56.065226,36.234294,1.0.0,01.12.2025,,,
25.11.2025 10:31:33,20.1,40.8,991.7,19.5,36.6,7001,56.065226,36.234294,1.0.0,01.12.2025,,,
25.11.2025 10:34:24,20.5,40,991.7,20.3,36.6,7001,56.065226,36.234294,1.0.0,01.12.2025,,,
25.11.2025 10:37:16,20.9,39.1,991.7,20.5,36.6,7001,56.065226,36.234294,1.0.0,01.12.2025,,,
25.11.2025 10:40:07,21.3,38,991.8,21,36.6,7001,56.065226,36.234294,1.0.0,01.12.2025,,,
25.11.2025 10:42:58,21.6,37.5,991.8,21.2,36.6,7001,56.065226,36.234294,1.0.0,01.12.2025,,,
25.11.2025 10:45:50,21.9,37.4,991.9,21.5,36.6,7001,56.065226,36.234294,1.0.0,01.12.2025,,,
25.11.2025 10:48:41,22.3,36.8,991.8,22,36.6,7001,56.065226,36.234294,1.0.0,01.12.2025,,,
25.11.2025 10:51:33,22.5,36,991.8,22.2,36.6,7001,56.065226,36.234294,1.0.0,01.12.2025,,,
28.11.2025 10:06:09,23.9,45.3,993.6,24.3,22.4,7001,56.065226,36.234294,1.0.0,01.12.2025,,,
28.11.2025 10:06:55,23.8,44.4,993.6,24,22.4,7001,56.065226,36.234294,1.0.0,01.12.2025,,,
28.11.2025 10:07:32,23.9,45.3,993.6,24.3,22.4,7001,56.065226,36.234294,1.0.0,01.12.2025,,,
28.11.2025 10:08:10,23.9,44.7,993.8,24.3,22.4,7001,56.065226,36.234294,1.0.0,01.12.2025,,,
28.11.2025 10:08:47,23.9,44.2,993.8,24,22.4,7001,56.065226,36.234294,1.0.0,01.12.2025,,,
28.11.2025 10:09:25,23.8,43.7,993.8,24,22.3,7001,56.065226,36.234294,1.0.0,01.12.2025,,,
28.11.2025 10:10:00,23.8,43.4,993.8,24,22.2,7001,56.065226,36.234294,1.0.0,01.12.2025,,,
28.11.2025 10:10:38,23.8,43.4,993.8,24,22.2,7001,56.065226,36.234294,1.0.0,01.12.2025,,,
28.11.2025 10:11:14,23.7,43.3,993.8,23.7,22.2,7001,56.065226,36.234294,1.0.0,01.12.2025,,,
28.11.2025 10:11:53,23.7,43.1,993.8,23.7,22.1,7001,56.065226,36.234294,1.0.0,01.12.2025,,,
28.11.2025 10:12:30,23.7,43.1,993.8,23.7,22.1,7001,56.065226,36.234294,1.0.0,01.12.2025,,,
28.11.2025 10:13:05,23.7,42.8,993.8,23.5,22.1,7001,56.065226,36.234294,1.0.0,01.12.2025,,,
28.11.2025 10:13:42,23.6,42.8,993.8,23.5,22.1,7001,56.065226,36.234294,1.0.0,01.12.2025,,,
28.11.2025 10:14:27,23.6,42.5,993.8,23.5,22,7001,56.065226,36.234294,1.0.0,01.12.2025,,,
28.11.2025 10:15:06,23.5,42.5,993.8,23.5,22,7001,56.065226,36.234294,1.0.0,01.12.2025,,,
28.11.2025 10:15:44,23.5,42.4,993.8,23.3,21.9,7001,56.065226,36.234294,1.0.0,01.12.2025,,,
28.11.2025 10:16:21,23.4,42.3,993.9,23.3,21.9,7001,56.065226,36.234294,1.0.0,01.12.2025,,,
28.11.2025 10:16:57,23.4,42.2,993.8,23.3,21.8,7001,56.065226,36.234294,1.0.0,01.12.2025,,,
28.11.2025 10:17:34,23.3,42.1,993.9,23.3,21.8,7001,56.065226,36.234294,1.0.0,01.12.2025,,,
28.11.2025 10:18:11,23.3,42.1,993.9,23,21.8,7001,56.065226,36.234294,1.0.0,01.12.2025,,,
28.11.2025 10:18:48,23.3,42.2,993.9,23,21.7,7001,56.065226,36.234294,1.0.0,01.12.2025,,,
28.11.2025 10:19:34,23.3,42.2,993.9,23,21.6,7001,56.065226,36.234294,1.0.0,01.12.2025,,,
28.11.2025 10:20:12,23.2,42.2,993.9,23,21.6,7001,56.065226,36.234294,1.0.0,01.12.2025,,,
28.11.2025 10:20:49,23.2,42.3,993.9,22.8,21.6,7001,56.065226,36.234294,1.0.0,01.12.2025,,,
28.11.2025 10:21:26,23.1,42.2,993.9,22.8,21.5,7001,56.065226,36.234294,1.0.0,01.12.2025,,,
28.11.2025 10:22:01,23.1,42.3,993.9,22.8,21.5,7001,56.065226,36.234294,1.0.0,01.12.2025,,,
28.11.2025 10:22:38,23.1,42.3,993.9,22.8,21.4,7001,56.065226,36.234294,1.0.0,01.12.2025,,,
28.11.2025 10:23:22,23,42.3,993.9,22.8,21.4,7001,56.065226,36.234294,1.0.0,01.12.2025,,,
28.11.2025 10:23:57,23,42.3,993.9,22.5,21.4,7001,56.065226,36.234294,1.0.0,01.12.2025,,,
28.11.2025 10:24:35,22.9,42.3,993.9,22.5,21.3,7001,56.065226,36.234294,1.0.0,01.12.2025,,,
28.11.2025 10:25:12,22.9,42.3,993.9,22.5,21.2,7001,56.065226,36.234294,1.0.0,01.12.2025,,,
28.11.2025 10:25:49,22.9,42.9,993.9,22.8,21.2,7001,56.065226,36.234294,1.0.0,01.12.2025,,,
28.11.2025 10:26:33,22.9,43.3,993.9,22.5,21.2,7001,56.065226,36.234294,1.0.0,01.12.2025,,,
28.11.2025 10:27:14,22.9,44,993.9,22.5,21.2,7001,56.065226,36.234294,1.0.0,01.12.2025,,,
28.11.2025 10:27:50,22.9,44.3,993.9,22.8,21.1,7001,56.065226,36.234294,1.0.0,01.12.2025,,,
28.11.2025 10:28:26,22.9,44.3,993.9,22.8,21.1,7001,56.065226,36.234294,1.0.0,01.12.2025,,,
28.11.2025 10:29:33,22.9,44.1,993.9,22.8,21.2,7001,56.065226,36.234294,1.0.0,01.12.2025,,,
28.11.2025 10:30:50,23,44.3,993.9,23,21.3,7001,56.065226,36.234294,1.0.0,01.12.2025,,,
28.11.2025 10:31:24,23,44.6,994,23,21.4,7001,56.065226,36.234294,1.0.0,01.12.2025,,,
28.11.2025 10:32:04,23,45,994,23,21.4,7001,56.065226,36.234294,1.0.0,01.12.2025,,,
28.11.2025 10:32:43,23.1,45,993.9,23.3,21.6,7001,56.065226,36.234294,1.0.0,01.12.2025,,,
28.11.2025 10:34:07,23.2,44.9,994,23.3,21.9,7001,56.065226,36.234294,1.0.0,01.12.2025,,,
28.11.2025 10:36:22,23.2,45.3,994,23.5,22.4,7001,56.065226,36.234294,1.0.0,01.12.2025,,,
28.11.2025 10:43:40,23.5,45.4,994.1,24,22.6,7001,56.065226,36.234294,1.0.0,01.12.2025,,,
28.11.2025 10:51:21,23.3,45.9,994,23.5,22.2,7001,56.065226,36.234294,1.0.0,01.12.2025,,,
28.11.2025 10:59:02,23.1,43.5,994,23.3,22.1,7001,56.065226,36.234294,1.0.0,01.12.2025,,,
28.11.2025 11:06:43,22.9,43.7,994.2,23,21.9,7001,56.065226,36.234294,1.0.0,01.12.2025,,,
28.11.2025 11:14:25,22.8,43.8,994.4,22.8,21.8,7001,56.065226,36.234294,1.0.0,01.12.2025,,,
28.11.2025 11:22:06,22.4,42.8,994.4,22,21.1,7001,56.065226,36.234294,1.0.0,01.12.2025,,,
28.11.2025 11:29:47,21.9,42.6,994.5,21.5,20.5,7001,56.065226,36.234294,1.0.0,01.12.2025,,,
28.11.2025 11:37:28,21.4,42.5,994.5,21,20,7001,56.065226,36.234294,1.0.0,01.12.2025,,,
28.11.2025 11:45:09,21,43.1,994.7,20.5,19.6,7001,56.065226,36.234294,1.0.0,01.12.2025,,,
28.11.2025 11:52:50,20.6,43.7,994.8,20.3,19.4,7001,56.065226,36.234294,1.0.0,01.12.2025,,,
28.11.2025 12:00:32,20.2,43.5,994.8,19.8,18.9,7001,56.065226,36.234294,1.0.0,01.12.2025,,,
28.11.2025 12:08:13,19.9,43.4,994.9,19.5,18.8,7001,56.065226,36.234294,1.0.0,01.12.2025,,,
28.11.2025 12:15:54,19.8,45.7,994.9,19.5,18.8,7001,56.065226,36.234294,1.0.0,01.12.2025,,,
28.11.2025 12:23:35,21.1,48.3,995,21.5,21.7,7001,56.065226,36.234294,1.0.0,01.12.2025,,,
28.11.2025 12:31:16,21.9,49.1,994.9,22.5,22.5,7001,56.065226,36.234294,1.0.0,01.12.2025,,,
28.11.2025 12:38:57,22,50,994.8,22.5,22,7001,56.065226,36.234294,1.0.0,01.12.2025,,,
28.11.2025 12:46:38,22.1,45,994.6,22.2,21.4,7001,56.065226,36.234294,1.0.0,01.12.2025,,,
28.11.2025 12:53:55,22,43.8,994.6,22.2,21.1,7001,56.065226,36.234294,1.0.0,01.12.2025,,,
28.11.2025 13:14:41,22.3,50.1,995,22.5,21,7001,56.065226,36.234294,1.0.0,01.12.2025,,,
28.11.2025 13:39:06,21.2,46.1,995,21,19.9,7001,56.065226,36.234294,1.0.0,01.12.2025,,,
28.11.2025 13:40:55,21.3,45.3,995,21,19.9,7001,56.065226,36.234294,1.0.0,01.12.2025,,,
28.11.2025 13:48:38,21.2,48.6,995,21.2,20,7001,56.065226,36.234294,1.0.0,01.12.2025,,,
28.11.2025 13:56:22,21.4,51.1,995,21.2,20.2,7001,56.065226,36.234294,1.0.0,01.12.2025,,,
28.11.2025 14:04:05,21.4,48.9,995.1,21.5,20.2,7001,56.065226,36.234294,1.0.0,01.12.2025,,,
28.11.2025 14:11:48,21.4,49.9,995.2,21.2,20.3,7001,56.065226,36.234294,1.0.0,01.12.2025,,,
28.11.2025 14:19:32,21.4,48.7,995.2,21.5,20.2,7001,56.065226,36.234294,1.0.0,01.12.2025,,,
28.11.2025 14:27:15,21.4,50.3,995.3,21.5,20.3,7001,56.065226,36.234294,1.0.0,01.12.2025,,,
28.11.2025 14:28:37,21.6,50.9,995.2,21.8,20.3,7001,56.065226,36.234294,1.0.0,01.12.2025,,,
28.11.2025 14:44:19,21.1,47.5,995.4,20.8,19.9,7001,56.065226,36.234294,1.0.0,01.12.2025,,,
28.11.2025 15:00:01,20.5,47,995.7,20.3,19.2,7001,56.065226,36.234294,1.0.0,01.12.2025,,,
28.11.2025 15:15:43,19.9,45.8,995.8,19.5,18.6,7001,56.065226,36.234294,1.0.0,01.12.2025,,,
28.11.2025 15:31:24,19.7,46.3,995.8,19.5,18.6,7001,56.065226,36.234294,1.0.0,01.12.2025,,,
28.11.2025 15:47:06,19.5,47.5,995.9,19.5,18.6,7001,56.065226,36.234294,1.0.0,01.12.2025,,,
28.11.2025 16:02:48,19.2,48.8,996.2,18.8,18.1,7001,56.065226,36.234294,1.0.0,01.12.2025,,,
28.11.2025 16:18:29,18.6,48.5,996.4,18,17.5,7001,56.065226,36.234294,1.0.0,01.12.2025,,,
28.11.2025 16:34:11,18.1,48.4,996.5,17.8,17.2,7001,56.065226,36.234294,1.0.0,01.12.2025,,,
28.11.2025 16:49:53,17.8,48.4,996.6,17.5,16.9,7001,56.065226,36.234294,1.0.0,01.12.2025,,,
28.11.2025 17:21:16,19,47.5,996.6,19.3,18.9,7001,56.065226,36.234294,1.0.0,01.12.2025,,,
28.11.2025 17:36:58,18.8,45.3,996.7,18.5,18.1,7001,56.065226,36.234294,1.0.0,01.12.2025,,,
28.11.2025 17:47:19,19.1,58.9,996.8,19.3,18.3,7001,56.065226,36.234294,1.0.0,01.12.2025,,,
28.11.2025 18:06:40,19.5,51.8,996.8,19.5,18.7,7001,56.065226,36.234294,1.0.0,01.12.2025,,,
28.11.2025 18:20:56,20,53.1,997.1,20,19.6,7001,56.065226,36.234294,1.0.0,01.12.2025,,,
28.11.2025 18:44:58,21.1,52.2,997.3,21.2,20.6,7001,56.065226,36.234294,1.0.0,01.12.2025,,,
28.11.2025 19:09:00,20.2,50.3,997.5,19.8,19.1,7001,56.065226,36.234294,1.0.0,01.12.2025,,,
28.11.2025 19:33:02,19.7,50.5,997.5,19.5,18.9,7001,56.065226,36.234294,1.0.0,01.12.2025,,,
28.11.2025 19:46:34,21,48.2,997.4,21.5,21.2,7001,56.065226,36.234294,1.0.0,01.12.2025,,,
28.11.2025 19:50:48,21.3,45.3,997.4,21.8,21.4,7001,56.065226,36.234294,1.0.0,01.12.2025,,,
28.11.2025 19:55:02,21.6,44.9,997.4,22,21.8,7001,56.065226,36.234294,1.0.0,01.12.2025,,,
28.11.2025 19:59:16,21.9,42.9,997.4,22.2,21.9,7001,56.065226,36.234294,1.0.0,01.12.2025,,,
28.11.2025 20:03:22,22.2,42,997.5,22.8,22.2,7001,56.065226,36.234294,1.0.0,01.12.2025,28.11.2025 20:03:43,,
28.11.2025 20:11:56,22.7,40.7,997.4,23,22.5,7001,56.065226,36.234294,1.0.0,01.12.2025,28.11.2025 20:12:15,,
28.11.2025 20:20:30,23.2,40.4,997.4,23.5,22.9,7001,56.065226,36.234294,1.0.0,01.12.2025,28.11.2025 20:20:51,,
28.11.2025 20:27:14,23.6,40.3,997.4,24.3,23.2,7001,56.065226,36.234294,1.0.0,01.12.2025,28.11.2025 20:27:34,,
28.11.2025 20:30:07,23.8,40,997.5,24.3,23.3,7001,56.065226,36.234294,1.0.0,01.12.2025,28.11.2025 20:30:27,,
28.11.2025 20:45:46,24.1,38,997.4,24.5,23.7,7001,56.065226,36.234294,1.0.0,01.12.2025,28.11.2025 20:46:07,,
28.11.2025 21:01:25,24.5,38.6,997.8,24.7,24.2,7001,56.065226,36.234294,1.0.0,01.12.2025,28.11.2025 21:01:42,,
28.11.2025 21:17:03,23.6,38.2,998,23.5,22.2,7001,56.065226,36.234294,1.0.0,01.12.2025,28.11.2025 21:17:24,,
28.11.2025 21:32:42,22.6,41.4,998,22,21.2,7001,56.065226,36.234294,1.0.0,01.12.2025,28.11.2025 21:33:02,,
28.11.2025 21:48:21,21.5,42.1,997.9,21,20.3,7001,56.065226,36.234294,1.0.0,01.12.2025,28.11.2025 21:48:42,,
28.11.2025 22:03:59,20.7,42.7,998,20.3,19.4,7001,56.065226,36.234294,1.0.0,01.12.2025,28.11.2025 22:04:18,,
28.11.2025 22:19:38,20,43.1,998.1,19.5,18.8,7001,56.065226,36.234294,1.0.0,01.12.2025,28.11.2025 22:20:00,,
28.11.2025 22:35:16,19.4,43.5,998.2,18.8,18.4,7001,56.065226,36.234294,1.0.0,01.12.2025,28.11.2025 22:35:38,,
28.11.2025 22:50:55,19.2,53,998.2,18.8,18.3,7001,56.065226,36.234294,1.0.0,01.12.2025,28.11.2025 22:51:16,,
28.11.2025 23:06:33,18.8,47.5,998.2,18.3,17.7,7001,56.065226,36.234294,1.0.0,01.12.2025,28.11.2025 23:06:54,,
28.11.2025 23:22:12,18.4,45.7,998.2,18,17.4,7001,56.065226,36.234294,1.0.0,01.12.2025,28.11.2025 23:22:31,,
28.11.2025 23:37:50,18,44.8,998.3,17.5,17.1,7001,56.065226,36.234294,1.0.0,01.12.2025,28.11.2025 23:38:11,,
28.11.2025 23:53:29,17.8,44.3,998.3,17.2,16.8,7001,56.065226,36.234294,1.0.0,01.12.2025,28.11.2025 23:53:49,,
29.11.2025 00:09:07,17.5,44,998.3,17.2,16.6,7001,56.065226,36.234294,1.0.0,01.12.2025,29.11.2025 00:09:27,,
29.11.2025 00:24:46,17.3,43.7,998.3,17,16.4,7001,56.065226,36.234294,1.0.0,01.12.2025,29.11.2025 00:25:07,,
29.11.2025 00:40:24,17.1,43.5,998.3,16.8,16.2,7001,56.065226,36.234294,1.0.0,01.12.2025,29.11.2025 00:40:45,,
29.11.2025 00:56:02,17.3,53,998.2,17,16.7,7001,56.065226,36.234294,1.0.0,01.12.2025,29.11.2025 00:56:22,,
29.11.2025 01:11:41,17.8,51.3,998.1,17.8,17.1,7001,56.065226,36.234294,1.0.0,01.12.2025,29.11.2025 01:12:01,,
29.11.2025 01:27:19,18.1,50.4,998.2,18,17.4,7001,56.065226,36.234294,1.0.0,01.12.2025,29.11.2025 01:27:40,,
29.11.2025 01:42:58,18.3,50.4,998.1,18,17.6,7001,56.065226,36.234294,1.0.0,01.12.2025,29.11.2025 01:43:18,,
29.11.2025 01:58:36,18.4,50.4,998.1,18.3,17.7,7001,56.065226,36.234294,1.0.0,01.12.2025,29.11.2025 01:58:57,,
29.11.2025 02:14:15,18.5,49.6,998.1,18.5,17.7,7001,56.065226,36.234294,1.0.0,01.12.2025,29.11.2025 02:14:35,,
29.11.2025 02:29:54,18.6,49.4,998.2,18.5,17.8,7001,56.065226,36.234294,1.0.0,01.12.2025,29.11.2025 02:30:15,,
29.11.2025 02:45:32,18.6,48.9,998.3,18.5,17.7,7001,56.065226,36.234294,1.0.0,01.12.2025,29.11.2025 02:45:52,,
29.11.2025 03:01:11,18.6,48.6,998.2,18.5,17.8,7001,56.065226,36.234294,1.0.0,01.12.2025,29.11.2025 03:01:30,,
29.11.2025 03:16:49,18.6,48.9,998.2,18.5,17.8,7001,56.065226,36.234294,1.0.0,01.12.2025,29.11.2025 03:17:10,,
29.11.2025 03:32:28,18.5,49,998.2,18.5,17.8,7001,56.065226,36.234294,1.0.0,01.12.2025,29.11.2025 03:32:47,,
29.11.2025 03:48:06,18.5,48.9,998.1,18.5,17.7,7001,56.065226,36.234294,1.0.0,01.12.2025,29.11.2025 03:48:27,,
29.11.2025 04:03:45,18.5,48.7,998,18.5,17.7,7001,56.065226,36.234294,1.0.0,01.12.2025,29.11.2025 04:04:05,,
29.11.2025 04:19:23,18.5,48.2,997.9,18.3,17.7,7001,56.065226,36.234294,1.0.0,01.12.2025,29.11.2025 04:19:44,,
29.11.2025 04:35:02,18.5,48,997.8,18.5,17.7,7001,56.065226,36.234294,1.0.0,01.12.2025,29.11.2025 04:35:23,,
29.11.2025 04:50:40,18.5,47.8,997.8,18.3,17.7,7001,56.065226,36.234294,1.0.0,01.12.2025,29.11.2025 04:51:00,,
29.11.2025 05:06:19,18.4,47.8,997.9,18.3,17.7,7001,56.065226,36.234294,1.0.0,01.12.2025,29.11.2025 05:06:40,,
29.11.2025 05:21:57,18.4,47.8,997.9,18.3,17.6,7001,56.065226,36.234294,1.0.0,01.12.2025,29.11.2025 05:22:18,,
29.11.2025 05:37:36,18.4,47.8,997.8,18.5,17.6,7001,56.065226,36.234294,1.0.0,01.12.2025,29.11.2025 05:37:57,,
29.11.2025 05:53:14,18.4,47.4,997.9,18.3,17.6,7001,56.065226,36.234294,1.0.0,01.12.2025,29.11.2025 05:53:34,,
29.11.2025 06:08:53,18.4,47.4,997.8,18.3,17.6,7001,56.065226,36.234294,1.0.0,01.12.2025,29.11.2025 06:09:13,,
29.11.2025 06:24:32,18.3,47.3,997.8,18.3,17.6,7001,56.065226,36.234294,1.0.0,01.12.2025,29.11.2025 06:24:52,,
29.11.2025 06:40:10,18.3,47.3,997.8,18.3,17.6,7001,56.065226,36.234294,1.0.0,01.12.2025,29.11.2025 06:40:31,,
29.11.2025 06:55:49,18.3,47.1,997.7,18.3,17.6,7001,56.065226,36.234294,1.0.0,01.12.2025,29.11.2025 06:56:10,,
29.11.2025 07:11:27,18.3,47.2,997.7,18.3,17.6,7001,56.065226,36.234294,1.0.0,01.12.2025,29.11.2025 07:11:47,,
29.11.2025 07:27:06,18.3,47.1,997.7,18.3,17.6,7001,56.065226,36.234294,1.0.0,01.12.2025,29.11.2025 07:27:26,,
29.11.2025 07:42:44,18.3,47.1,997.8,18.3,17.6,7001,56.065226,36.234294,1.0.0,01.12.2025,29.11.2025 07:43:04,,
29.11.2025 07:58:23,18.3,46.9,997.8,18.3,17.6,7001,56.065226,36.234294,1.0.0,01.12.2025,29.11.2025 07:58:41,,
29.11.2025 08:14:01,18.4,48,997.9,18.3,17.7,7001,56.065226,36.234294,1.0.0,01.12.2025,29.11.2025 08:14:23,,
29.11.2025 08:29:40,19.9,46,997.9,20.3,20.4,7001,56.065226,36.234294,1.0.0,01.12.2025,29.11.2025 08:30:00,,
29.11.2025 08:45:19,21.4,43.3,997.9,22,21.6,7001,56.065226,36.234294,1.0.0,01.12.2025,29.11.2025 08:45:38,,
29.11.2025 08:56:42,22.3,41.5,997.9,22.8,21.8,7001,56.065226,36.234294,1.0.0,01.12.2025,29.11.2025 08:57:01,,
29.11.2025 10:46:34,24.8,37.5,998,25,23.3,7001,56.065226,36.234294,1.0.0,01.12.2025,12.48,0.26,29.11.2025 10:46:58
29.11.2025 11:02:16,24.6,38.3,998.1,24.7,23.4,7001,56.0652260,36.2342940,1.0.0,01.12.2025,12.480,0.260,29.11.2025 11:02:40
29.11.2025 11:33:40,24.6,39.5,998.1,24.7,23.7,7001,56.0652260,36.2342940,1.0.0,01.12.2025,12.480,0.260,29.11.2025 11:34:03
29.11.2025 11:49:22,23.9,40.7,998.3,24.0,22.6,7001,56.0652260,36.2342940,1.0.0,01.12.2025,12.480,0.260,29.11.2025 11:49:44
29.11.2025 12:05:04,24.2,41.2,998.0,24.5,23.7,7001,56.0652260,36.2342940,1.0.0,01.12.2025,12.480,0.250,29.11.2025 12:05:27
29.11.2025 12:20:45,24.5,43.7,998.1,24.7,23.7,7001,56.0652260,36.2342940,1.0.0,01.12.2025,12.480,0.260,29.11.2025 12:21:09
29.11.2025 12:36:27,23.5,37.1,997.9,23.3,22.1,7001,56.0652260,36.2342940,1.0.0,01.12.2025,12.480,0.260,29.11.2025 12:36:50
29.11.2025 12:52:09,23.7,40.5,998.0,23.7,23.2,7001,56.0652260,36.2342940,1.0.0,01.12.2025,12.480,0.010,29.11.2025 12:52:32
29.11.2025 13:07:51,24.8,40.1,997.8,25.5,25.0,7001,56.0652260,36.2342940,1.0.0,01.12.2025,12.480,0.260,29.11.2025 13:08:15
29.11.2025 13:23:33,24.4,40.8,997.8,24.5,23.4,7001,56.0652260,36.2342940,1.0.0,01.12.2025,12.480,0.260,29.11.2025 13:23:57
29.11.2025 13:39:15,23.8,42.1,997.9,23.7,22.6,7001,56.0652260,36.2342940,1.0.0,01.12.2025,12.480,0.260,29.11.2025 13:39:37
29.11.2025 13:54:57,23.8,42.8,997.8,24.0,23.0,7001,56.0652260,36.2342940,1.0.0,01.12.2025,12.480,0.260,29.11.2025 13:55:19
29.11.2025 14:10:39,23.2,44.8,997.7,23.3,21.9,7001,56.0652260,36.2342940,1.0.0,01.12.2025,12.480,0.260,29.11.2025 14:11:01
29.11.2025 14:26:21,22.2,42.5,997.8,21.8,20.7,7001,56.0652260,36.2342940,1.0.0,01.12.2025,12.480,0.260,29.11.2025 14:26:43
29.11.2025 14:42:02,21.2,41.1,997.8,20.8,19.7,7001,56.0652260,36.2342940,1.0.0,01.12.2025,12.480,0.260,29.11.2025 14:42:26
29.11.2025 14:57:44,20.4,40.3,997.7,19.8,18.9,7001,56.0652260,36.2342940,1.0.0,01.12.2025,12.480,0.260,29.11.2025 14:58:08
29.11.2025 15:13:26,19.7,40.1,997.7,19.0,18.3,7001,56.0652260,36.2342940,1.0.0,01.12.2025,12.480,0.260,29.11.2025 15:13:50
29.11.2025 15:29:08,19.1,39.9,997.6,18.5,17.8,7001,56.0652260,36.2342940,1.0.0,01.12.2025,12.480,0.260,29.11.2025 15:29:31
29.11.2025 15:44:49,18.7,40.1,997.7,18.3,17.6,7001,56.0652260,36.2342940,1.0.0,01.12.2025,12.480,0.260,29.11.2025 15:45:13
29.11.2025 16:00:31,18.3,40.3,997.7,17.8,17.3,7001,56.0652260,36.2342940,1.0.0,01.12.2025,12.480,0.260,29.11.2025 16:00:55
29.11.2025 16:16:13,18.0,41.1,997.9,17.5,17.1,7001,56.0652260,36.2342940,1.0.0,01.12.2025,12.480,0.260,29.11.2025 16:16:35
29.11.2025 16:31:54,17.7,41.5,997.8,17.0,16.9,7001,56.0652260,36.2342940,1.0.0,01.12.2025,12.480,0.260,29.11.2025 16:32:18
29.11.2025 16:47:36,17.4,41.7,997.9,17.0,16.6,7001,56.0652260,36.2342940,1.0.0,01.12.2025,12.480,0.260,29.11.2025 16:47:58
29.11.2025 17:03:17,17.2,41.9,997.8,16.8,16.4,7001,56.0652260,36.2342940,1.0.0,01.12.2025,12.480,0.260,29.11.2025 17:03:41
29.11.2025 17:18:59,17.1,42.2,997.8,16.8,16.3,7001,56.0652260,36.2342940,1.0.0,01.12.2025,12.480,0.260,29.11.2025 17:19:21
29.11.2025 17:34:40,16.9,42.4,997.6,16.5,16.1,7001,56.0652260,36.2342940,1.0.0,01.12.2025,12.480,0.260,29.11.2025 17:35:04
29.11.2025 17:50:22,16.7,42.3,997.7,16.3,16.0,7001,56.0652260,36.2342940,1.0.0,01.12.2025,12.480,0.260,29.11.2025 17:50:46
29.11.2025 18:06:03,16.6,42.4,997.9,16.0,15.9,7001,56.0652260,36.2342940,1.0.0,01.12.2025,12.480,0.260,29.11.2025 18:06:27
29.11.2025 18:21:45,16.5,42.4,997.7,16.0,15.7,7001,56.0652260,36.2342940,1.0.0,01.12.2025,12.480,0.260,29.11.2025 18:22:09
29.11.2025 18:37:26,16.3,42.4,997.8,15.8,15.6,7001,56.0652260,36.2342940,1.0.0,01.12.2025,12.480,0.260,29.11.2025 18:37:51
29.11.2025 18:53:08,16.2,42.4,997.8,15.8,15.4,7001,56.0652260,36.2342940,1.0.0,01.12.2025,12.480,0.260,29.11.2025 18:53:32
29.11.2025 19:08:49,16.1,42.4,997.7,15.8,15.3,7001,56.0652260,36.2342940,1.0.0,01.12.2025,12.480,0.260,29.11.2025 19:09:13
29.11.2025 19:24:31,16.0,42.4,997.6,15.5,15.2,7001,56.0652260,36.2342940,1.0.0,01.12.2025,12.480,0.260,29.11.2025 19:24:54
29.11.2025 19:40:12,17.7,57.6,997.5,18.3,18.1,7001,56.0652260,36.2342940,1.0.0,01.12.2025,12.480,0.260,29.11.2025 19:40:36
29.11.2025 19:55:54,19.9,58.1,997.3,20.8,20.9,7001,56.0652260,36.2342940,1.0.0,01.12.2025,12.480,0.260,29.11.2025 19:56:16
29.11.2025 20:03:56,20.7,59.2,997.4,21.5,21.3,7001,56.0652260,36.2342940,1.0.0,01.12.2025,12.480,0.260,29.11.2025 20:04:19
29.11.2025 20:19:38,20.9,54.9,997.3,21.0,20.4,7001,56.0652260,36.2342940,1.0.0,01.12.2025,12.480,0.260,29.11.2025 20:20:02
29.11.2025 20:21:56,20.9,53.9,997.4,21.2,20.3,7001,56.0652260,36.2342940,1.0.0,01.12.2025,12.480,0.260,29.11.2025 20:22:19
29.11.2025 20:29:33,21.1,57.6,997.6,21.5,20.1,7001,56.0652260,36.2342940,1.0.0,01.12.2025,12.480,0.260,29.11.2025 20:29:56
29.11.2025 20:35:14,21.0,57.1,997.6,21.2,19.9,7001,56.0652260,36.2342940,1.0.0,01.12.2025,12.480,0.260,29.11.2025 20:35:37
29.11.2025 20:57:54,20.9,51.0,997.6,20.8,19.6,7001,56.0652260,36.2342940,1.0.0,01.12.2025,12.480,0.260,29.11.2025 20:58:18
29.11.2025 21:03:32,20.9,51.3,997.5,21.0,19.6,7001,56.0652260,36.2342940,1.0.0,01.12.2025,12.480,0.260,29.11.2025 21:03:53
29.11.2025 21:16:22,20.9,53.3,997.5,20.8,19.5,7001,56.0652260,36.2342940,1.0.0,01.12.2025,12.480,0.260,29.11.2025 21:16:46
29.11.2025 21:19:44,21.0,54.1,997.5,21.0,19.5,7001,56.0652260,36.2342940,1.0.0,01.12.2025,12.480,0.260,29.11.2025 21:20:07
29.11.2025 21:54:25,19.0,44.3,997.5,18.5,17.3,7001,56.0652260,36.2342940,1.0.0,01.12.2025,12.480,0.260,29.11.2025 21:54:50
29.11.2025 22:29:06,17.4,42.8,997.8,16.8,16.1,7001,56.0652260,36.2342940,1.0.0,01.12.2025,12.480,0.260,29.11.2025 22:29:28
29.11.2025 23:03:46,16.4,42.7,997.7,15.8,15.5,7001,56.0652260,36.2342940,1.0.0,01.12.2025,12.480,0.260,29.11.2025 23:04:10
29.11.2025 23:38:27,15.7,42.9,997.7,15.3,14.9,7001,56.0652260,36.2342940,1.0.0,01.12.2025,12.480,0.260,29.11.2025 23:38:51
30.11.2025 00:13:07,15.3,51.7,997.7,14.7,14.4,7001,56.0652260,36.2342940,1.0.0,01.12.2025,12.480,0.260,30.11.2025 00:13:31
30.11.2025 00:47:47,17.1,49.7,997.5,17.0,17.0,7001,56.0652260,36.2342940,1.0.0,01.12.2025,12.480,0.260,30.11.2025 00:48:11
30.11.2025 01:22:28,17.9,48.5,997.4,17.8,17.6,7001,56.0652260,36.2342940,1.0.0,01.12.2025,12.480,0.260,30.11.2025 01:22:51
30.11.2025 01:57:09,18.3,47.7,997.1,18.3,17.8,7001,56.0652260,36.2342940,1.0.0,01.12.2025,12.480,0.260,30.11.2025 01:57:31
30.11.2025 02:31:49,18.4,47.2,997.4,18.3,17.9,7001,56.0652260,36.2342940,1.0.0,01.12.2025,12.480,0.260,30.11.2025 02:32:14
30.11.2025 03:06:30,18.5,47.0,997.5,18.5,18.0,7001,56.0652260,36.2342940,1.0.0,01.12.2025,12.480,0.260,30.11.2025 03:06:52
30.11.2025 03:41:11,18.6,46.8,997.3,18.5,18.1,7001,56.0652260,36.2342940,1.0.0,01.12.2025,12.480,0.260,30.11.2025 03:41:34
30.11.2025 04:15:52,18.6,46.7,997.2,18.5,18.0,7001,56.0652260,36.2342940,1.0.0,01.12.2025,12.480,0.260,30.11.2025 04:16:13
30.11.2025 04:50:32,18.7,47.1,997.0,18.5,18.1,7001,56.0652260,36.2342940,1.0.0,01.12.2025,12.480,0.260,30.11.2025 04:50:56
30.11.2025 05:25:13,18.7,46.6,997.1,18.5,18.1,7001,56.0652260,36.2342940,1.0.0,01.12.2025,12.480,0.260,30.11.2025 05:25:36
30.11.2025 05:59:54,18.7,46.3,996.9,18.5,18.1,7001,56.0652260,36.2342940,1.0.0,01.12.2025,12.480,0.260,30.11.2025 06:00:17
30.11.2025 06:34:34,18.7,46.3,997.3,18.5,18.1,7001,56.0652260,36.2342940,1.0.0,01.12.2025,12.480,0.260,30.11.2025 06:34:58
30.11.2025 07:09:15,18.7,46.3,997.3,18.5,18.1,7001,56.0652260,36.2342940,1.0.0,01.12.2025,12.480,0.260,30.11.2025 07:09:39
30.11.2025 07:43:56,18.7,46.6,997.7,18.8,18.1,7001,56.0652260,36.2342940,1.0.0,01.12.2025,12.480,0.260,30.11.2025 07:44:20
30.11.2025 08:18:36,18.7,46.7,997.9,18.5,18.1,7001,56.0652260,36.2342940,1.0.0,01.12.2025,12.480,0.260,30.11.2025 08:19:00
30.11.2025 08:53:17,20.9,44.0,997.9,21.2,21.2,7001,56.0652260,36.2342940,1.0.0,01.12.2025,12.480,0.260,30.11.2025 08:53:42
30.11.2025 09:27:58,22.8,42.6,997.9,23.0,22.5,7001,56.0652260,36.2342940,1.0.0,01.12.2025,12.480,0.260,30.11.2025 09:28:22
30.11.2025 10:16:15,24.0,40.3,998.5,24.5,23.3,7001,56.0652260,36.2342940,1.0.0,01.12.2025,12.480,0.260,30.11.2025 10:16:36
30.11.2025 10:36:55,22.6,37.4,998.7,21.8,20.6,7001,56.0652260,36.2342940,1.0.0,01.12.2025,12.480,0.260,30.11.2025 10:37:18
30.11.2025 10:57:35,21.1,39.5,998.7,20.5,19.6,7001,56.0652260,36.2342940,1.0.0,01.12.2025,12.480,0.260,30.11.2025 10:57:58
30.11.2025 11:18:15,20.4,41.7,998.5,20.3,19.2,7001,56.0652260,36.2342940,1.0.0,01.12.2025,12.480,0.260,30.11.2025 11:18:38
30.11.2025 11:38:55,21.6,56.3,998.5,22.0,21.4,7001,56.0652260,36.2342940,1.0.0,01.12.2025,12.480,0.260,30.11.2025 11:39:18
30.11.2025 11:59:35,21.3,45.6,998.4,21.2,20.3,7001,56.0652260,36.2342940,1.0.0,01.12.2025,12.480,0.260,30.11.2025 11:59:58
30.11.2025 12:20:16,21.1,44.3,998.4,21.0,20.0,7001,56.0652260,36.2342940,1.0.0,01.12.2025,12.480,0.260,30.11.2025 12:20:36
30.11.2025 12:40:56,21.9,44.6,998.4,22.2,21.4,7001,56.0652260,36.2342940,1.0.0,01.12.2025,12.480,0.260,30.11.2025 12:41:18
30.11.2025 13:01:36,23.0,44.0,998.3,23.3,22.8,7001,56.0652260,36.2342940,1.0.0,01.12.2025,12.480,0.260,30.11.2025 13:01:58
30.11.2025 13:22:16,23.7,41.9,998.4,24.0,23.4,7001,56.0652260,36.2342940,1.0.0,01.12.2025,12.480,0.260,30.11.2025 13:22:38
30.11.2025 20:13:16,21.9,52.1,998.9,22.2,20.6,7001,56.0652260,36.2342940,1.0.0,01.12.2025,12.480,0.260,12.42,65.90,820.00,30.11.2025 20:13:38
30.11.2025 20:18:24,21.6,51.8,998.8,21.8,20.4,7001,56.0652260,36.2342940,1.0.0,01.12.2025,12.480,0.260,12.48,65.90,822.00,30.11.2025 20:18:45
30.11.2025 20:23:20,21.6,51.6,998.7,21.8,20.3,7001,56.0652260,36.2342940,1.0.0,01.12.2025,12.480,0.260,12.50,62.70,822.00,30.11.2025 20:23:43
30.11.2025 20:43:57,23.0,49.4,998.7,23.5,22.6,7001,56.0652260,36.2342940,1.0.0,01.12.2025,12.480,0.260,12.49,68.70,764.00,30.11.2025 20:44:20
30.11.2025 21:04:33,23.3,47.6,998.9,23.7,22.7,7001,56.0652260,36.2342940,1.0.0,01.12.2025,12.480,0.260,12.50,75.80,948.00,30.11.2025 21:04:55
30.11.2025 21:25:10,24.1,44.5,998.7,24.7,24.2,7001,56.0652260,36.2342940,1.0.0,01.12.2025,12.480,0.260,12.51,66.70,770.00,30.11.2025 21:25:32
30.11.2025 21:45:46,23.5,42.1,998.8,23.5,22.5,7001,56.0652260,36.2342940,1.0.0,01.12.2025,12.480,0.260,12.51,75.00,938.00,30.11.2025 21:46:08
30.11.2025 22:06:23,23.1,42.9,998.8,23.3,22.1,7001,56.0652260,36.2342940,1.0.0,01.12.2025,12.480,0.260,12.52,64.90,868.00,30.11.2025 22:06:47
30.11.2025 22:27:00,22.0,42.2,999.1,21.5,20.9,7001,56.0652260,36.2342940,1.0.0,01.12.2025,12.480,0.260,12.52,61.30,820.00,30.11.2025 22:27:21
30.11.2025 22:47:36,20.8,42.1,999.2,20.0,19.9,7001,56.0652260,36.2342940,1.0.0,01.12.2025,12.480,0.260,12.50,64.90,812.00,30.11.2025 22:47:59
30.11.2025 23:08:13,19.8,42.2,999.4,19.3,19.2,7001,56.0652260,36.2342940,1.0.0,01.12.2025,12.480,0.260,12.50,68.10,852.00,30.11.2025 23:08:37
30.11.2025 23:49:26,21.1,46.7,999.2,21.8,21.4,7001,56.0652260,36.2342940,1.0.0,01.12.2025,12.480,0.260,12.50,64.00,862.00,30.11.2025 23:49:49
01.12.2025 00:10:02,21.2,45.5,999.5,21.0,20.4,7001,56.0652260,36.2342940,1.0.0,01.12.2025,12.480,0.260,12.51,65.00,812.00,01.12.2025 00:10:25
01.12.2025 00:30:39,20.4,45.3,999.4,20.0,19.6,7001,56.0652260,36.2342940,1.0.0,01.12.2025,12.480,0.260,12.49,64.80,810.00,01.12.2025 00:31:02
01.12.2025 00:51:15,19.6,43.8,999.3,19.0,18.9,7001,56.0652260,36.2342940,1.0.0,01.12.2025,12.480,0.260,12.50,56.20,750.00,01.12.2025 00:51:39
01.12.2025 01:11:51,19.5,45.4,999.1,19.3,18.7,7001,56.0652260,36.2342940,1.0.0,01.12.2025,12.480,0.260,12.50,57.10,714.00,01.12.2025 01:12:14
01.12.2025 01:32:28,19.4,45.8,999.0,19.3,18.6,7001,56.0652260,36.2342940,1.0.0,01.12.2025,12.480,0.260,12.49,55.50,694.00,01.12.2025 01:32:51
01.12.2025 01:53:04,19.3,46.5,999.0,19.3,18.5,7001,56.0652260,36.2342940,1.0.0,01.12.2025,12.480,0.260,12.49,55.30,728.00,01.12.2025 01:53:27
01.12.2025 02:13:41,19.2,46.5,999.0,19.3,18.4,7001,56.0652260,36.2342940,1.0.0,01.12.2025,12.480,0.260,12.49,56.90,712.00,01.12.2025 02:14:03
01.12.2025 02:34:17,19.0,46.6,999.0,19.0,18.2,7001,56.0652260,36.2342940,1.0.0,01.12.2025,12.480,0.260,12.48,55.00,708.00,01.12.2025 02:34:39
01.12.2025 02:54:53,19.0,47.2,998.9,19.0,18.1,7001,56.0652260,36.2342940,1.0.0,01.12.2025,12.480,0.260,12.48,54.20,692.00,01.12.2025 02:55:16
01.12.2025 03:15:30,18.9,47.2,998.9,18.8,18.1,7001,56.0652260,36.2342940,1.0.0,01.12.2025,12.480,0.260,12.47,65.20,820.00,01.12.2025 03:15:53
01.12.2025 03:36:06,18.8,47.3,998.9,18.8,18.0,7001,56.0652260,36.2342940,1.0.0,01.12.2025,12.480,0.260,12.47,65.10,816.00,01.12.2025 03:36:28
01.12.2025 03:56:42,18.7,47.4,999.0,18.8,18.0,7001,56.0652260,36.2342940,1.0.0,01.12.2025,12.480,0.260,12.47,55.80,702.00,01.12.2025 03:57:06
01.12.2025 04:17:19,18.6,47.3,998.9,18.5,17.9,7001,56.0652260,36.2342940,1.0.0,01.12.2025,12.480,0.260,12.47,65.90,822.00,01.12.2025 04:17:41
01.12.2025 04:37:55,18.6,47.7,999.0,18.5,17.8,7001,56.0652260,36.2342940,1.0.0,01.12.2025,12.480,0.260,12.44,72.20,898.00,01.12.2025 04:38:19
01.12.2025 04:58:31,18.5,48.0,999.0,18.5,17.8,7001,56.0652260,36.2342940,1.0.0,01.12.2025,12.480,0.260,12.47,56.00,698.00,01.12.2025 04:58:53
01.12.2025 05:19:08,18.4,47.9,999.0,18.5,17.7,7001,56.0652260,36.2342940,1.0.0,01.12.2025,12.480,0.260,12.45,65.10,812.00,01.12.2025 05:19:31
01.12.2025 05:39:44,18.4,47.5,999.1,18.3,17.6,7001,56.0652260,36.2342940,1.0.0,01.12.2025,12.480,0.260,12.44,55.30,698.00,01.12.2025 05:40:08
01.12.2025 06:00:20,18.3,47.0,999.2,18.3,17.6,7001,56.0652260,36.2342940,1.0.0,01.12.2025,12.480,0.260,12.46,64.60,806.00,01.12.2025 06:00:42
01.12.2025 06:20:57,18.2,47.4,999.3,18.3,17.4,7001,56.0652260,36.2342940,1.0.0,01.12.2025,12.480,0.260,12.47,56.00,688.00,01.12.2025 06:21:20
01.12.2025 06:41:33,18.1,47.4,999.2,18.0,17.4,7001,56.0652260,36.2342940,1.0.0,01.12.2025,12.480,0.260,12.46,64.90,802.00,01.12.2025 06:41:55
01.12.2025 07:02:09,18.1,47.5,999.3,18.0,17.3,7001,56.0652260,36.2342940,1.0.0,01.12.2025,12.480,0.260,12.47,65.10,810.00,01.12.2025 07:02:32
01.12.2025 07:22:45,18.0,47.2,999.3,18.0,17.3,7001,56.0652260,36.2342940,1.0.0,01.12.2025,12.480,0.260,12.46,57.00,712.00,01.12.2025 07:23:08
01.12.2025 07:43:22,17.9,47.2,999.4,17.8,17.2,7001,56.0652260,36.2342940,1.0.0,01.12.2025,12.480,0.260,12.43,64.60,820.00,01.12.2025 07:43:45
01.12.2025 08:03:58,17.9,47.2,999.5,17.8,17.2,7001,56.0652260,36.2342940,1.0.0,01.12.2025,12.480,0.260,12.44,56.60,708.00,01.12.2025 08:04:21
01.12.2025 08:24:34,17.8,47.4,999.6,17.8,17.2,7001,56.0652260,36.2342940,1.0.0,01.12.2025,12.480,0.260,12.45,65.00,812.00,01.12.2025 08:24:57
01.12.2025 08:45:11,18.1,47.6,999.7,18.3,17.9,7001,56.0652260,36.2342940,1.0.0,01.12.2025,12.480,0.260,12.45,-53.80,668.00,01.12.2025 08:45:34
01.12.2025 09:05:47,18.5,47.0,999.7,18.5,18.2,7001,56.0652260,36.2342940,1.0.0,01.12.2025,12.480,0.260,12.47,-53.30,668.00,01.12.2025 09:06:10
01.12.2025 09:26:23,18.6,46.6,999.7,18.5,17.9,7001,56.0652260,36.2342940,1.0.0,01.12.2025,12.480,0.260,12.43,-63.30,790.00,01.12.2025 09:26:46
01.12.2025 09:47:00,18.5,46.7,999.7,18.5,17.9,7001,56.0652260,36.2342940,1.0.0,01.12.2025,12.480,0.260,12.44,-64.50,802.00,01.12.2025 09:47:20
01.12.2025 10:07:36,17.6,43.6,999.9,17.2,16.8,7001,56.0652260,36.2342940,1.0.0,01.12.2025,12.480,0.260,12.41,-63.20,784.00,01.12.2025 10:07:57
01.12.2025 10:28:12,19.1,46.8,999.7,19.8,19.2,7001,56.0652260,36.2342940,1.0.0,01.12.2025,12.480,0.260,12.41,54.70,724.00,01.12.2025 10:28:35
01.12.2025 10:48:49,20.6,42.9,1000.0,21.0,20.6,7001,56.0652260,36.2342940,1.0.0,01.12.2025,12.480,0.260,12.44,61.20,764.00,01.12.2025 10:49:10
01.12.2025 11:09:25,21.6,42.3,999.8,22.0,21.4,7001,56.0652260,36.2342940,1.0.0,01.12.2025,12.480,0.260,12.43,67.10,748.00,01.12.2025 11:09:47
01.12.2025 11:30:02,21.9,37.1,999.7,22.0,20.9,7001,56.0652260,36.2342940,1.0.0,01.12.2025,12.480,0.260,12.42,61.20,760.00,01.12.2025 11:30:24
01.12.2025 11:50:38,22.2,38.5,999.6,22.5,21.4,7001,56.0652260,36.2342940,1.0.0,01.12.2025,12.480,0.260,12.43,59.00,800.00,01.12.2025 11:51:00
01.12.2025 12:11:15,22.1,38.4,999.6,22.2,21.0,7001,56.0652260,36.2342940,1.0.0,01.12.2025,12.480,0.260,12.43,60.00,748.00,01.12.2025 12:11:37
01.12.2025 12:31:51,21.3,37.8,999.9,21.0,19.6,7001,56.0652260,36.2342940,1.0.0,01.12.2025,12.480,0.260,12.41,73.20,910.00,01.12.2025 12:32:14
01.12.2025 12:52:28,19.8,38.0,999.9,19.3,18.4,7001,56.0652260,36.2342940,1.0.0,01.12.2025,12.480,0.260,12.46,56.60,780.00,01.12.2025 12:52:49
01.12.2025 13:13:04,20.8,40.2,999.5,21.2,20.6,7001,56.0652260,36.2342940,1.0.0,01.12.2025,12.480,0.260,12.40,72.20,934.00,01.12.2025 13:13:27
01.12.2025 13:33:41,21.9,40.6,999.5,22.5,21.8,7001,56.0652260,36.2342940,1.0.0,01.12.2025,12.480,0.260,12.44,67.00,836.00,01.12.2025 13:34:04
01.12.2025 13:54:17,22.6,39.1,999.4,23.3,22.2,7001,56.0652260,36.2342940,1.0.0,01.12.2025,12.480,0.260,12.43,62.70,826.00,01.12.2025 13:54:39
01.12.2025 14:14:54,21.8,37.5,999.6,21.5,20.4,7001,56.0652260,36.2342940,1.0.0,01.12.2025,12.480,0.260,12.45,67.00,836.00,01.12.2025 14:15:16
01.12.2025 14:35:30,20.8,40.9,999.4,20.5,19.8,7001,56.0652260,36.2342940,1.0.0,01.12.2025,12.480,0.260,12.44,62.90,784.00,01.12.2025 14:35:53
01.12.2025 14:56:07,21.8,40.7,999.3,22.2,21.6,7001,56.0652260,36.2342940,1.0.0,01.12.2025,12.480,0.260,12.42,73.90,856.00,01.12.2025 14:56:29
01.12.2025 15:16:43,22.1,40.5,999.2,22.2,21.4,7001,56.0652260,36.2342940,1.0.0,01.12.2025,12.480,0.260,12.46,60.50,792.00,01.12.2025 15:17:05
01.12.2025 15:37:20,21.2,38.3,999.6,21.0,19.8,7001,56.0652260,36.2342940,1.0.0,01.12.2025,12.480,0.260,12.45,64.50,842.00,01.12.2025 15:37:43
01.12.2025 15:57:56,20.0,38.0,999.8,19.5,18.8,7001,56.0652260,36.2342940,1.0.0,01.12.2025,12.480,0.260,12.42,55.90,694.00,01.12.2025 15:58:19
01.12.2025 16:18:32,19.0,38.5,999.7,18.5,18.0,7001,56.0652260,36.2342940,1.0.0,01.12.2025,12.480,0.260,12.46,56.90,704.00,01.12.2025 16:18:55
01.12.2025 16:39:09,19.6,43.0,999.8,20.0,19.4,7001,56.0652260,36.2342940,1.0.0,01.12.2025,12.480,0.260,12.45,56.20,698.00,01.12.2025 16:39:31
01.12.2025 16:59:45,22.0,42.0,999.6,22.8,22.6,7001,56.0652260,36.2342940,1.0.0,01.12.2025,12.480,0.260,12.40,74.90,930.00,01.12.2025 17:00:08
01.12.2025 17:20:22,22.7,38.1,999.3,23.3,22.6,7001,56.0652260,36.2342940,1.0.0,01.12.2025,12.480,0.260,12.41,62.50,776.00,01.12.2025 17:20:43
01.12.2025 17:41:00,23.3,37.8,999.4,23.7,22.8,7001,56.0652260,36.2342940,1.0.0,01.12.2025,12.480,0.260,12.44,72.00,894.00,01.12.2025 17:41:22
01.12.2025 18:01:37,23.6,37.1,999.4,24.0,23.0,7001,56.0652260,36.2342940,1.0.0,01.12.2025,12.480,0.300,12.42,56.00,712.00,01.12.2025 18:02:00
01.12.2025 18:22:13,23.2,35.3,999.7,23.3,22.1,7001,56.0652260,36.2342940,1.0.0,01.12.2025,12.480,0.310,12.43,66.20,852.00,01.12.2025 18:22:35
01.12.2025 18:42:50,21.7,35.4,999.9,21.2,20.2,7001,56.0652260,36.2342940,1.0.0,01.12.2025,12.480,0.310,12.41,65.20,848.00,01.12.2025 18:43:11
01.12.2025 19:03:26,20.4,36.0,1000.0,19.8,19.0,7001,56.0652260,36.2342940,1.0.0,01.12.2025,12.480,0.310,12.44,65.80,898.00,01.12.2025 19:03:49
01.12.2025 19:17:58,20.5,41.5,1000.0,20.5,19.8,7001,56.0652260,36.2342940,1.0.0,01.12.2025,12.480,0.310,32.64,nan,0.00,01.12.2025 19:18:20
01.12.2025 19:19:18,20.7,41.4,1000.0,20.8,20.1,7001,56.0652260,36.2342940,1.0.0,01.12.2025,12.480,0.310,12.41,62.40,774.00,01.12.2025 19:19:41
01.12.2025 19:20:34,20.9,41.6,1000.1,21.0,20.3,7001,56.0652260,36.2342940,1.0.0,01.12.2025,12.480,0.310,12.39,63.70,812.00,01.12.2025 19:20:58
01.12.2025 20:01:47,21.9,39.7,999.7,22.0,20.9,7001,56.0652260,36.2342940,1.0.0,01.12.2025,12.480,0.310,12.44,66.70,820.00,01.12.2025 20:02:11
01.12.2025 20:43:00,20.9,43.2,999.8,20.8,19.3,7001,56.0652260,36.2342940,1.0.0,01.12.2025,12.480,0.310,12.44,63.90,796.00,01.12.2025 20:43:23
01.12.2025 20:59:27,22.0,41.8,999.5,22.5,21.6,7001,56.0652260,36.2342940,1.0.0,01.12.2025,0.300,12.42,60.70,750.00,01.12.2025 20:59:49
01.12.2025 21:40:40,22.9,43.1,999.6,23.0,22.1,7001,56.0652260,36.2342940,1.0.0,01.12.2025,0.300,12.40,64.80,802.00,01.12.2025 21:41:04
01.12.2025 22:01:17,22.2,40.6,999.9,22.0,20.7,7001,56.0652260,36.2342940,1.0.0,01.12.2025,0.310,12.38,73.90,848.00,01.12.2025 22:01:39
01.12.2025 22:21:53,20.9,38.3,999.9,20.5,19.4,7001,56.0652260,36.2342940,1.0.0,01.12.2025,0.310,12.41,61.00,790.00,01.12.2025 22:22:16
01.12.2025 23:03:06,18.7,38.3,999.9,18.0,17.4,7001,56.0652260,36.2342940,1.0.0,01.12.2025,0.310,12.40,63.10,730.00,01.12.2025 23:03:29
01.12.2025 23:44:19,17.4,39.4,999.9,16.8,16.3,7001,56.0652260,36.2342940,1.0.0,01.12.2025,0.310,12.41,65.10,806.00,01.12.2025 23:44:41
02.12.2025 00:04:55,16.9,39.5,999.8,16.3,15.8,7001,56.0652260,36.2342940,1.0.0,01.12.2025,0.310,12.37,64.90,812.00,02.12.2025 00:05:18
02.12.2025 00:25:31,16.5,47.2,999.6,16.0,15.1,7001,56.0652260,36.2342940,1.0.0,01.12.2025,0.310,12.38,65.30,806.00,02.12.2025 00:25:53
02.12.2025 01:06:43,16.0,49.9,999.8,15.8,14.6,7001,56.0652260,36.2342940,1.0.0,01.12.2025,0.310,12.37,65.70,812.00,02.12.2025 01:07:05
02.12.2025 01:47:55,15.9,52.5,999.8,15.5,14.7,7001,56.0652260,36.2342940,1.0.0,01.12.2025,0.310,12.35,65.80,812.00,02.12.2025 01:48:18
02.12.2025 02:29:07,15.4,51.2,999.7,15.0,14.1,7001,56.0652260,36.2342940,1.0.0,01.12.2025,0.310,12.36,65.40,806.00,02.12.2025 02:29:31
02.12.2025 03:10:20,15.2,51.8,999.6,14.7,13.8,7001,56.0652260,36.2342940,1.0.0,01.12.2025,0.310,12.32,65.60,802.00,02.12.2025 03:10:43
02.12.2025 03:51:32,14.9,52.1,999.7,14.5,13.7,7001,56.0652260,36.2342940,1.0.0,01.12.2025,0.310,12.32,65.90,816.00,02.12.2025 03:51:54
02.12.2025 04:32:44,14.8,51.9,999.5,14.5,13.4,7001,56.0652260,36.2342940,1.0.0,01.12.2025,0.310,12.28,65.30,806.00,02.12.2025 04:33:05
02.12.2025 05:13:56,14.7,51.9,999.5,14.3,13.4,7001,56.0652260,36.2342940,1.0.0,01.12.2025,0.310,12.34,65.80,810.00,02.12.2025 05:14:18
02.12.2025 05:55:08,14.6,52.6,999.7,14.3,13.4,7001,56.0652260,36.2342940,1.0.0,01.12.2025,0.310,12.28,65.00,802.00,02.12.2025 05:55:28
02.12.2025 06:36:20,14.5,52.6,999.8,14.3,13.4,7001,56.0652260,36.2342940,1.0.0,01.12.2025,0.310,12.31,65.90,812.00,02.12.2025 06:36:42
02.12.2025 07:17:32,14.5,53.0,1000.1,14.0,13.4,7001,56.0652260,36.2342940,1.0.0,01.12.2025,0.310,12.33,66.20,806.00,02.12.2025 07:17:55
02.12.2025 07:58:43,14.4,52.9,1000.4,14.0,13.3,7001,56.0652260,36.2342940,1.0.0,01.12.2025,0.310,12.25,65.60,812.00,02.12.2025 07:59:07
02.12.2025 08:39:55,14.4,52.9,1000.7,14.0,13.3,7001,56.0652260,36.2342940,1.0.0,01.12.2025,0.310,12.31,65.50,802.00,02.12.2025 08:40:17
02.12.2025 09:21:07,14.3,51.9,1001.1,14.0,13.1,7001,56.0652260,36.2342940,1.0.0,01.12.2025,0.310,12.32,65.70,810.00,02.12.2025 09:21:30
02.12.2025 10:02:19,13.8,50.0,1001.2,13.5,12.6,7001,56.0652260,36.2342940,1.0.0,01.12.2025,0.310,12.31,64.90,796.00,02.12.2025 10:02:42
02.12.2025 10:43:31,13.5,49.1,1001.4,13.0,12.2,7001,56.0652260,36.2342940,1.0.0,01.12.2025,0.310,12.30,65.00,802.00,02.12.2025 10:43:53
02.12.2025 11:07:58,14.9,55.6,1001.2,15.5,14.8,7001,56.0652260,36.2342940,1.0.0,01.12.2025,0.310,12.24,65.50,810.00,26,MegaFon,35,3686,866782045222698,2025-12-02 11:08:37,02.12.2025 11:08:20
02.12.2025 11:49:17,20.5,46.2,1001.2,21.5,21.4,7001,56.0652260,36.2342940,1.0.0,01.12.2025,0.300,12.31,58.10,776.00,25,MegaFon,35,3686,866782045222698,2025-12-02 11:49:58,02.12.2025 11:49:41
02.12.2025 12:09:57,21.9,43.8,1001.0,22.5,21.9,7001,56.0652260,36.2342940,1.0.0,01.12.2025,0.300,12.27,62.10,766.00,26,MegaFon,36,3692,866782045222698,2025-12-02 12:10:39,02.12.2025 12:10:22
02.12.2025 12:30:38,22.7,43.6,1001.0,23.3,22.4,7001,56.0652260,36.2342940,1.0.0,01.12.2025,0.300,12.34,62.10,764.00,25,MegaFon,35,3686,866782045222698,2025-12-02 12:31:17,02.12.2025 12:31:00
02.12.2025 13:11:58,23.2,40.0,1001.0,23.5,22.7,7001,56.0652260,36.2342940,1.0.0,01.12.2025,0.300,12.36,65.30,802.00,26,MegaFon,33,3670,866782045222698,2025-12-02 13:12:36,02.12.2025 13:12:20
02.12.2025 13:20:47,23.4,41.2,1000.9,23.7,22.9,7001,56.0652260,36.2342940,1.0.0,01.12.2025,0.010,12.36,65.20,806.00
02.12.2025 13:20:47,23.4,41.2,1000.9,23.7,22.9,7001,56.0652260,36.2342940,1.0.0,01.12.2025,0.010,12.36,65.20,806.00,25,MegaFon,35,3681,866782045222698,2025-12-02 13:21:26,02.12.2025 13:21:09
02.12.2025 13:24:16,23.5,40.1,1000.9,24.0,22.9,7001,56.0652260,36.2342940,1.0.0,01.12.2025
02.12.2025 13:24:46,23.5,40.1,1000.9,24.0,22.9,7001,56.0652260,36.2342940,1.0.0,01.12.2025,0.010,12.34,64.60,800.00
02.12.2025 13:24:46,23.5,40.1,1000.9,24.0,22.9,7001,56.0652260,36.2342940,1.0.0,01.12.2025,0.010,12.34,64.60,800.00,24,MegaFon,35,3686,866782045222698,2025-12-02 13:25:24,02.12.2025 13:25:08
02.12.2025 13:30:48,23.7,41.3,1000.9,24.3,23.1,7001,56.0652260,36.2342940,1.0.0,01.12.2025,0.300,12.34,65.30,780.00,23,MegaFon,34,3675,866782045222698,2025-12-02 13:31:26,02.12.2025 13:31:10
